"id","constituentID","displayName-en","displayName-zh-hant","alphaSortName-en","alphaSortName-zh-hant","type","displayBio-en","displayBio-zh-hant","gender-en","gender-zh-hant","beginDate","endDate","nationality"
100,,"Ron Arad","羅恩·阿拉德","Arad, Ron","羅恩·阿拉德","Individual","British, born Israel, 1951","英國籍，1951年生於以色列","Male","男性",1951,"","{""en"":""Israeli"",""zh-hant"":""以色列籍""}"
101,,"Au Hoi Lam","區凱琳","Au, Hoi Lam","區凱琳","Individual","Hong Kong, born 1978","香港，生於1978年","Female","女性",1978,"","{""en"":""Hong Kong"",""zh-hant"":""香港""}"
102,,"Iwan Baan","伊萬·巴恩","Baan, Iwan","伊萬·巴恩","Individual","Dutch, born 1975","荷蘭籍，生於1975年","Male","男性",1975,"","{""en"":""Dutch"",""zh-hant"":""荷蘭籍""}"
103,,"Bai Yi Luo","白宜洛","Bai, Yi Luo","白, 宜洛","Individual","Chinese, born 1968","中國籍，生於1968年","Male","男性",1968,"","{""en"":""Chinese"",""zh-hant"":""中國籍""}"
106,,"Candice Breitz","","Breitz, Candice","","Individual","South African, born 1972","南非籍，生於1972年","Female","女性",1972,"","{""en"":""South African"",""zh-hant"":""南非籍""}"
107,,"Cai Jin","蔡錦","Cai, Jin","蔡, 錦","Individual","Chinese, born 1965","中國籍，生於1965年","Female","女性",1965,"","{""en"":""Chinese"",""zh-hant"":""中國籍""}"
108,,"Cai Shangxiong","蔡尚雄","Cai, Shangxiong","蔡, 尚雄","Individual","Chinese, 1919–2014","中國籍，1919–2014年","Male","男性",1919,"","{""en"":""Chinese"",""zh-hant"":""中國籍""}"
109,,"Cang Xin","蒼鑫","Cang, Xin","蒼, 鑫","Individual","Chinese, born 1967","中國籍，生於1967年","Male","男性",1967,"","{""en"":""Chinese"",""zh-hant"":""中國籍""}"
11,,"M+ Museum","","M+ Museum","","Organization","established Hong Kong, 2010","2010年成立於香港","Not Applicable","",2010,"","{""en"":""Hong Kong"",""zh-hant"":""香港""}"
110,,"Cao Fei","曹斐","Cao, Fei","曹, 斐","Individual","Chinese, born 1978","中國籍，生於1978年","Female","女性",1978,"","{""en"":""Chinese"",""zh-hant"":""中國籍""}"
111,,"Cao Jingping","曹靜萍","Cao, Jingping","曹, 靜萍","Individual","Chinese, born 1972","中國籍，生於1972年","Male","男性",1972,"","{""en"":""Chinese"",""zh-hant"":""中國籍""}"
114,,"Henri Cartier-Bresson","亨利·卡蒂埃-布列松","Cartier-Bresson, Henri","亨利·卡蒂埃-布列松","Individual","French, 1908–2004","法國籍，1908–2004年","Male","男性",1908,"","{""en"":""French"",""zh-hant"":""法國籍""}"
116,,"Gaylord Chan","陳餘生","Chan, Gaylord","陳餘生","Individual","Hong Kong, born 1925","香港，生於1925年","Male","男性",1925,"","{""en"":""Hong Kong"",""zh-hant"":""香港""}"
118,,"Patty Chang","張怡","Chang, Patty","張, 怡","Individual","American, born 1972","美國籍，生於1972年","Female","女性",1972,"","{""en"":""American"",""zh-hant"":""美國籍""}"
119,,"Chang Qing","常青","Chang, Qing","常, 青","Individual","Chinese, born 1965","中國籍，生於1965年","Male","男性",1965,"","{""en"":""Chinese"",""zh-hant"":""中國籍""}"
120,,"Chang Xugong","常徐功","Chang, Xugong","常, 徐功","Individual","Chinese, born 1956","中國籍，生於1956年","Male","男性",1956,"","{""en"":""Chinese"",""zh-hant"":""中國籍""}"
121,,"Yung Ho Chang","張永和","Chang, Yung Ho","張永和","Individual","Chinese, born 1956","中國籍，生於1956年","Male","男性",1956,"","{""en"":""Chinese"",""zh-hant"":""中國籍""}"
122,,"Chao Ziwei","鈔子偉","Chao, Ziwei","鈔, 子偉","Individual","Chinese, born 1970","中國籍，生於1970年","Male","男性",1970,"","{""en"":""Chinese"",""zh-hant"":""中國籍""}"
123,,"Chao Ziyi","鈔子藝","Chao, Ziyi","鈔子藝","Individual","Chinese, born 1970","中國籍，生於1970年","Male","男性",1970,"","{""en"":""Chinese"",""zh-hant"":""中國籍""}"
124,,"Chen Chieh-Jen","陳界仁","Chen, Chieh-Jen","陳, 界仁","Individual","Taiwanese, born 1960","台灣籍，生於1960年","Male","男性",1960,"","{""en"":""Taiwanese"",""zh-hant"":""台灣籍""}"
125,,"Chen Fei","陳飛","Chen, Fei","陳, 飛","Individual","Chinese, born 1983","中國籍，生於1983年","Male","男性",1983,"","{""en"":""Chinese"",""zh-hant"":""中國籍""}"
126,,"Tchan Fou-li","陳復禮","Tchan, Fou-li","陳復禮","Individual","Hong Kong, born China. 1916–2018","香港，生於中國，1916–2018年","Male","男性",1916,"","{""en"":""Hong Kong"",""zh-hant"":""香港""}"
127,,"Chen Guanghui","陳光輝","Chen, Guanghui","陳, 光輝","Individual","Chinese, born 1969","中國籍，生於1969年","Male","男性",1969,"","{""en"":""Chinese"",""zh-hant"":""中國籍""}"
128,,"Chen Guangwu","陳光武","Chen, Guangwu","陳, 光武","Individual","Chinese, born 1967","中國籍，生於1967年","Male","男性",1967,"","{""en"":""Chinese"",""zh-hant"":""中國籍""}"
129,,"Chen Hongzhu","陳虹竹","Chen, Hongzhu","陳, 虹竹","Individual","Chinese, born 1982","中國籍，生於1982年","Female","女性",1982,"","{""en"":""Chinese"",""zh-hant"":""中國籍""}"
131,,"Chen Ke","陳可","Chen, Ke","陳, 可","Individual","Chinese, born 1978","中國籍，生於1978年","Female","女性",1978,"","{""en"":""Chinese"",""zh-hant"":""中國籍""}"
133,,"Chen Lingyang","陳羚羊","Chen, Lingyang","陳, 羚羊","Individual","Chinese, born 1975","中國籍，生於1975年","Female","女性",1975,"","{""en"":""Chinese"",""zh-hant"":""中國籍""}"
137,,"Chen Shaoxiong","陳劭雄","Chen, Shaoxiong","陳, 劭雄","Individual","Chinese, 1962–2016","中國籍，1962–2016年","Male","男性",1962,"","{""en"":""Chinese"",""zh-hant"":""中國籍""}"
138,,"Chen Wei","陳維","Chen, Wei","陳, 維","Individual","Chinese, born 1980","中國籍，生於1980年","Male","男性",1980,"","{""en"":""Chinese"",""zh-hant"":""中國籍""}"
139,,"Chen Wenbo","陳文波","Chen, Wenbo","陳, 文波","Individual","Chinese, born 1969","中國籍，生於1969年","Male","男性",1969,"","{""en"":""Chinese"",""zh-hant"":""中國籍""}"
140,,"Chen Xiaoyun","陳曉雲","Chen, Xiaoyun","陳, 曉雲","Individual","Chinese, born 1971","中國籍，生於1971年","Male","男性",1971,"","{""en"":""Chinese"",""zh-hant"":""中國籍""}"
142,,"Chen Xuhai","陳旭海","Chen, Xuhai","陳, 旭海","Individual","Chinese, born 1973","中國籍，生於1973年","Male","男性",1973,"","{""en"":""Chinese"",""zh-hant"":""中國籍""}"
144,,"Chen Yujun","陳彧君","Chen, Yujun","陳, 彧君","Individual","Chinese, born 1976","中國籍，生於1976年","Male","男性",1976,"","{""en"":""Chinese"",""zh-hant"":""中國籍""}"
150,,"Amy Cheung","張韻雯","Cheung, Amy","張韻雯","Individual","Hong Kong","香港","Female","女性","","","{""en"":""Hong Kong"",""zh-hant"":""香港""}"
151,,"Chi Lei","池磊","Chi, Lei","池, 磊","Individual","Chinese, born 1981","中國籍，生於1981年","Male","男性",1981,"","{""en"":""Chinese"",""zh-hant"":""中國籍""}"
152,,"Chi Peng","遲鵬","Chi, Peng","遲, 鵬","Individual","Chinese, born 1981","中國籍，生於1981年","Male","男性",1981,"","{""en"":""Chinese"",""zh-hant"":""中國籍""}"
153,,"Heman Chong","張奕滿","Chong, Heman","張奕滿","Individual","Singaporean, born Malaysia, 1977","新加坡籍，1977年生於馬來西亞","Male","男性",1977,"","{""en"":""Malaysian"",""zh-hant"":""馬來西亞籍""}"
154,,"Irene Chou","周綠雲","Chou, Irene","周, 綠雲","Individual","Hong Kong, born China. 1924–2011","香港，生於中國，1924–2011年","Female","女性",1924,"","{""en"":""Hong Kong"",""zh-hant"":""香港""}"
155,,"Chu Hing Wah","朱興華","Chu, Hing Wah","朱, 興華","Individual","Hong Kong, born 1935","香港，1935年生於中國","Male","男性",1935,"","{""en"":""Hong Kong"",""zh-hant"":""香港""}"
157,,"Chuang Che","莊喆","Chuang, Che","莊喆","Individual","American, born China, 1934","美國籍，1934年生於中國","Male","男性",1934,"","{""en"":""American"",""zh-hant"":""美國籍""}"
159,,"Cui Xiuwen","崔岫聞","Cui, Xiuwen","崔, 岫聞","Individual","Chinese, 1970–2018","中國籍，1970–2018年","Female","女性",1970,"","{""en"":""Chinese"",""zh-hant"":""中國籍""}"
160,,"Dai Chenlian","戴陳連","Dai, Chenlian","戴, 陳連","Individual","Chinese, born 1982","中國籍，生於1982年","Male","男性",1982,"","{""en"":""Chinese"",""zh-hant"":""中國籍""}"
161,,"Dai Guangyu","戴光鬱","Dai, Guangyu","戴, 光鬱","Individual","Chinese, born 1955","中國籍，生於1955年","Male","男性",1955,"","{""en"":""Chinese"",""zh-hant"":""中國籍""}"
164,,"David Diao","刁德謙","Diao, David","刁, 德謙","Individual","American, born China, 1943","美國籍，1943年生於中國","Male","男性",1943,"","{""en"":""American"",""zh-hant"":""美國籍""}"
165,,"Diao Wei","刁偉","Diao, Wei","刁, 偉","Individual","Chinese, born 1979","中國籍，生於1979年","Male","男性",1979,"","{""en"":""Chinese"",""zh-hant"":""中國籍""}"
166,,"Ding Yi","丁乙","Ding, Yi","丁, 乙","Individual","Chinese, born 1962","中國籍，生於1962年","Male","男性",1962,"","{""en"":""Chinese"",""zh-hant"":""中國籍""}"
167,,"Dong Wensheng","董文勝","Dong, Wensheng","董, 文勝","Individual","Chinese, born 1970","中國籍，生於1970年","Male","男性",1970,"","{""en"":""Chinese"",""zh-hant"":""中國籍""}"
168,,"Du Jie","杜婕","Du, Jie","杜, 婕","Individual","Chinese, born 1968","中國籍，生於1968年","Female","女性",1968,"","{""en"":""Chinese"",""zh-hant"":""中國籍""}"
169,,"Du Xiuxian","杜修賢","Du, Xiuxian","杜, 修賢","Individual","Chinese, 1926–2014","中國籍，1926–2014年","Male","男性",1926,"","{""en"":""Chinese"",""zh-hant"":""中國籍""}"
17,,"Stanley Wong","又一山人（黃炳培）","Wong, Stanley","又一山人（黃炳培）","Individual","Hong Kong, born 1960","香港，生於1960年","Male","男性",1960,"","{""en"":""Hong Kong"",""zh-hant"":""香港""}"
170,,"Du Yan","杜岩","Du, Yan","杜, 岩","Individual","Chinese, born 1977","中國籍，生於1977年","Male","男性",1977,"","{""en"":""Chinese"",""zh-hant"":""中國籍""}"
171,,"Duan Jianyu","段建宇","Duan, Jianyu","段, 建宇","Individual","Chinese, born 1970","中國籍，生於1970年","Female","女性",1970,"","{""en"":""Chinese"",""zh-hant"":""中國籍""}"
172,,"Fang Lijun","方力鈞","Fang, Lijun","方, 力鈞","Individual","Chinese, born 1963","中國籍，生於1963年","Male","男性",1963,"","{""en"":""Chinese"",""zh-hant"":""中國籍""}"
173,,"Feng Guodong","馮國棟","Feng, Guodong","馮, 國棟","Individual","Chinese, 1948–2005","中國籍，生於中國，1948–2005年","Male","男性",1948,"","{""en"":""Chinese"",""zh-hant"":""中國籍""}"
174,,"Feng Jianguo","馮建國","Feng, Jianguo","馮, 建國","Individual","Chinese, born 1962","中國籍，生於1962年","Male","男性",1962,"","{""en"":""Chinese"",""zh-hant"":""中國籍""}"
175,,"Feng Mengbo","馮夢波","Feng, Mengbo","馮, 夢波","Individual","Chinese, born 1966","中國籍，生於1966年","Male","男性",1966,"","{""en"":""Chinese"",""zh-hant"":""中國籍""}"
177,,"Feng Yan","封岩","Feng, Yan","封, 岩","Individual","Chinese, born 1964","中國籍，生於1964年","Male","男性",1964,"","{""en"":""Chinese"",""zh-hant"":""中國籍""}"
178,,"Feng Zhengjie","俸正傑","Feng, Zhengjie","俸, 正傑","Individual","Chinese, born 1968","中國籍，生於1968年","Male","男性",1968,"","{""en"":""Chinese"",""zh-hant"":""中國籍""}"
179,,"Fu Hong","傅弘","Fu, Hong","弘, 傅","Individual","Chinese, born 1946","中國籍，生於1946年","Male","男性",1946,"","{""en"":""Chinese"",""zh-hant"":""中國籍""}"
180,,"Fu Jie","傅潔","Fu, Jie","傅, 潔","Individual","Chinese, born 1971","中國籍，生於1971年","Female","女性",1971,"","{""en"":""Chinese"",""zh-hant"":""中國籍""}"
183,,"Sou Fujimoto","藤本壯介","Fujimoto, Sou","藤本壯介","Individual","Japanese, born 1971","日本籍，生於1971年","Male","男性",1971,"","{""en"":""Japanese"",""zh-hant"":""日本籍""}"
184,,"Brothers Gao","高氏兄弟","Gao, Brothers","高氏兄弟","Artist Collaborative","Chinese","1982年於中國成立","Not Applicable","",1956,"","{""en"":""Chinese"",""zh-hant"":""中國籍""}"
185,,"Gao Mingyan","高銘研","Gao, Mingyan","高, 銘研","Individual","Chinese, born 1983","中國籍，生於1983年","Male","男性",1983,"","{""en"":""Chinese"",""zh-hant"":""中國籍""}"
186,,"Geng Jianyi","耿建翌","Geng, Jianyi","耿, 建翌","Individual","Chinese, 1962–2017","中國籍，1962–2017年","Male","男性",1962,"","{""en"":""Chinese"",""zh-hant"":""中國籍""}"
187,,"Geng Xue","耿雪","Geng, Xue","耿, 雪","Individual","Chinese, born 1983","中國籍，生於1983年","Female","女性",1983,"","{""en"":""Chinese"",""zh-hant"":""中國籍""}"
188,,"Gong Jian","龔劍","Gong, Jian","龔, 劍","Individual","Chinese, born 1978","中國籍，生於1978年","Male","男性",1978,"","{""en"":""Chinese"",""zh-hant"":""中國籍""}"
189,,"Antony Gormley","安東尼·葛姆雷","Gormley, Antony","安東尼·葛姆雷","Individual","British, born 1950","英國籍，生於1950年","Male","男性",1950,"","{""en"":""British"",""zh-hant"":""英國籍""}"
19,,"Atelier FCJZ","非常建築","Atelier FCJZ","非常建築","Organization","established Houston, 1993; now based in Beijing and Shanghai","1993年成立於侯斯頓，現設於北京及上海","Not Applicable","",1993,"",""
192,,"Gu Wenda","谷文達","Gu, Wenda","谷, 文達","Individual","Chinese, born 1955","中國籍，生於1955年","Male","男性",1955,"","{""en"":""Chinese"",""zh-hant"":""中國籍""}"
193,,"Gu Xiaoping","顧小平","Gu, Xiaoping","顧, 小平","Individual","Chinese, born 1969","中國籍，生於1969年","Male","男性",1969,"","{""en"":""Chinese"",""zh-hant"":""中國籍""}"
194,,"Guang Tingbo","廣廷渤","Guang, Tingbo","廣, 廷渤","Individual","Chinese, born 1938","中國籍，生於1938年","Male","男性",1938,"","{""en"":""Chinese"",""zh-hant"":""中國籍""}"
195,,"Guo Gong","郭工","Guo, Gong","郭, 工","Individual","Chinese, born 1966","中國籍，生於1966年","Male","男性",1966,"","{""en"":""Chinese"",""zh-hant"":""中國籍""}"
196,,"Guo Jin","郭晉","Guo, Jin","郭, 晉","Individual","Chinese, born 1964","中國籍，生於1964年","Male","男性",1964,"","{""en"":""Chinese"",""zh-hant"":""中國籍""}"
198,,"Guo Wei","郭偉","Guo, Wei","郭, 偉","Individual","Chinese, born 1960","中國籍，生於1960年","Male","男性",1960,"","{""en"":""Chinese"",""zh-hant"":""中國籍""}"
199,,"Andreas Gursky","安德烈亞斯·古爾斯基","Gursky, Andreas","安德烈亞斯·古爾斯基","Individual","German, born 1955","德國籍，生於1955年","Male","男性",1955,"","{""en"":""German"",""zh-hant"":""德國籍""}"
200,,"Zaha Hadid","扎哈‧哈迪德","Hadid, Zaha","扎哈‧哈迪德","Individual","British, born Iraq. 1950–2016","英國籍，生於伊拉克，1950–2016年","Female","女性",1950,"","{""en"":""British"",""zh-hant"":""英國籍""}"
201,,"Hai Bo","海波","Hai, Bo","海, 波","Individual","Chinese, born 1962","中國籍，生於1962年","Male","男性",1962,"","{""en"":""Chinese"",""zh-hant"":""中國籍""}"
202,,"Han Lei","韓磊","Han, Lei","韓磊","Individual","","","Male","男性","","",""
203,,"Han Yajuan","韓婭娟","Han, Yajuan","韓, 婭娟","Individual","Chinese, born 1980","中國籍，生於1980年","Female","女性",1980,"","{""en"":""Chinese"",""zh-hant"":""中國籍""}"
204,,"He An","河岸","He, An","河, 岸","Individual","Chinese, born 1971","中國籍，生於1971年","Male","男性",1971,"","{""en"":""Chinese"",""zh-hant"":""中國籍""}"
205,,"He Jie","何杰","He, Jie","何, 杰","Individual","Chinese, born 1977","中國籍，生於1977年","Male","男性",1977,"","{""en"":""Chinese"",""zh-hant"":""中國籍""}"
206,,"He Jinwei","何晉渭","He, Jinwei","何, 晉渭","Individual","Chinese, born 1967","中國籍，生於1967年","Male","男性",1967,"","{""en"":""Chinese"",""zh-hant"":""中國籍""}"
207,,"He Sen","何森","He, Sen","何, 森","Individual","Chinese, born 1968","中國籍，生於1968年","Male","男性",1968,"","{""en"":""Chinese"",""zh-hant"":""中國籍""}"
208,,"He Xiangyu","何翔宇","He, Xiangyu","何, 翔宇","Individual","Chinese, born 1968","中國籍，生於1968年","Male","男性",1968,"","{""en"":""Chinese"",""zh-hant"":""中國籍""}"
209,,"He Yunchang","何雲昌","He, Yunchang","何, 雲昌","Individual","Chinese, born 1967","中國籍，生於1967年","Male","男性",1967,"","{""en"":""Chinese"",""zh-hant"":""中國籍""}"
211,,"Ho Sin Tung","何倩彤","Ho, Sin Tung","何倩彤","Individual","Hong Kong, born 1986","香港，生於1986年","Female","女性",1986,"","{""en"":""Hong Kong"",""zh-hant"":""香港""}"
213,,"Tao Ho","何弢","Ho, Tao","何, 弢","Individual","Hong Kong, born China, 1936","香港，1936年生於中國","Male","男性",1936,"","{""en"":""Hong Kong"",""zh-hant"":""香港""}"
214,,"Hong Hao","洪浩","Hong, Hao","洪, 浩","Individual","Chinese, born 1965","中國籍，生於1965年","Male","男性",1965,"","{""en"":""Chinese"",""zh-hant"":""中國籍""}"
216,,"Hong Lei","洪磊","Hong, Lei","洪, 磊","Individual","Chinese, born 1960","中國籍，生於1960年","Male","男性",1960,"","{""en"":""Chinese"",""zh-hant"":""中國籍""}"
217,,"Hou Bo","候波","Hou, Bo","候, 波","Individual","Chinese, 1924–2017","中國籍，1924–2017年","Female","女性",1924,"","{""en"":""Chinese"",""zh-hant"":""中國籍""}"
218,,"Tehching Hsieh","謝德慶","Hsieh, Tehching","謝, 德慶","Individual","American, born Taiwan, 1950","美國籍，1950年生於台灣","Male","男性",1950,"","{""en"":""American"",""zh-hant"":""美國籍""}"
219,,"Hu Liu","胡柳","Hu, Liu","胡, 柳","Individual","Chinese, born 1982","中國籍，生於1982年","Female","女性",1982,"","{""en"":""Chinese"",""zh-hant"":""中國籍""}"
220,,"Hu Qingyan","胡慶雁","Hu, Qingyan","胡慶雁","Individual","Chinese, born 1982","中國籍，生於1982年","Male","男性",1982,"","{""en"":""Chinese"",""zh-hant"":""中國籍""}"
222,,"Hu Xiangqian","胡向前","Hu, Xiangqian","胡, 向前","Individual","Chinese, born 1983","中國籍，生於1983年","Male","男性",1983,"","{""en"":""Chinese"",""zh-hant"":""中國籍""}"
223,,"Hu Xiaoyuan","胡曉媛","Hu, Xiaoyuan","胡, 曉媛","Individual","Chinese, born 1977","中國籍，生於1977年","Female","女性",1977,"","{""en"":""Chinese"",""zh-hant"":""中國籍""}"
226,,"Huang Hairong","黃海蓉","Huang, Hairong","黃, 海蓉","Individual","Chinese, born 1974","中國籍，生於1974年","Female","女性",1974,"","{""en"":""Chinese"",""zh-hant"":""中國籍""}"
228,,"Huang Rui","黃銳","Huang, Rui","黃, 銳","Individual","Chinese, born 1952","中國籍，生於1952年","Male","男性",1952,"","{""en"":""Chinese"",""zh-hant"":""中國籍""}"
229,,"Huang Yan","黃岩","Huang, Yan","黃, 岩","Individual","Chinese, born 1966","中國籍，生於1966年","Male","男性",1966,"","{""en"":""Chinese"",""zh-hant"":""中國籍""}"
230,,"Huang Yong Ping","黄永砯‎","Huang, Yong Ping","黄, 永砯‎","Individual","French, born China 1954","法國籍，1954年生於中國","Male","男性",1954,"","{""en"":""French"",""zh-hant"":""法國籍""}"
231,,"Huang Zhigen","黃智根","Huang, Zhigen","黃, 智根","Individual","Chinese, born 1946","中國籍，生於1946年","Male","男性",1946,"","{""en"":""Chinese"",""zh-hant"":""中國籍""}"
232,,"Christian Jankowski","克里斯坦·揚可夫斯基","Jankowski, Christian","克里斯坦·揚可夫斯基","Individual","German, born 1968","德國籍，生於1968年","Male","男性",1968,"","{""en"":""German"",""zh-hant"":""德國籍""}"
233,,"Ji Dachun","季大純","Ji, Dachun","季, 大純","Individual","Chinese, born 1968","中國籍，生於1968年","Male","男性",1968,"","{""en"":""Chinese"",""zh-hant"":""中國籍""}"
235,,"Ji Wenyu","計文於","Ji, Wenyu","計, 文於","Individual","Chinese, born 1959","中國籍，生於1959年","Male","男性",1959,"","{""en"":""Chinese"",""zh-hant"":""中國籍""}"
236,,"Jiang Jian","姜健","Jiang, Jian","姜健","Individual","Chinese, born 1953","中國籍，生於1953年","Male","男性",1953,"","{""en"":""Chinese"",""zh-hant"":""中國籍""}"
237,,"Jiang Shaowu","蔣少武","Jiang, Shaowu","蔣, 少武","Individual","Chinese, born 1932","中國籍，生於1932年","Male","男性",1932,"","{""en"":""Chinese"",""zh-hant"":""中國籍""}"
238,,"Jiang Zhi","蔣志","Jiang, Zhi","蔣, 志","Individual","Chinese, born 1971","中國籍，生於1971年","Male","男性",1971,"","{""en"":""Chinese"",""zh-hant"":""中國籍""}"
239,,"Jin Feng","金峰","Jin, Feng","金, 峰","Individual","Chinese, born 1962","中國籍，生於1962年","Male","男性",1962,"","{""en"":""Chinese"",""zh-hant"":""中國籍""}"
240,,"Jin Jiangbo","金江波","Jin, Jiangbo","金, 江波","Individual","Chinese, born 1972","中國籍，生於1972年","Male","男性",1972,"","{""en"":""Chinese"",""zh-hant"":""中國籍""}"
241,,"Jing Kewen","景柯文","Jing, Kewen","景, 柯文","Individual","Chinese, born 1965","中國籍，生於1965年","Male","男性",1965,"","{""en"":""Chinese"",""zh-hant"":""中國籍""}"
244,,"Kamekura Yusaku","龜倉雄策","Kamekura, Yusaku","龜倉雄策","Individual","Japanese, 1915–1997","日本籍，1915–1997年","Male","男性",1915,"","{""en"":""Japanese"",""zh-hant"":""日本籍""}"
245,,"Kan Tai-keung","靳埭强","Kan, Tai-keung","靳埭强","Individual","Hong Kong, born China, 1942","香港，1942年生於中國","Male","男性",1942,"","{""en"":""Hong Kong"",""zh-hant"":""香港""}"
246,,"Kan Xuan","闞萱","Kan, Xuan","闞, 萱","Individual","Chinese, born 1972","中國籍，生於1972年","Female","女性",1972,"","{""en"":""Chinese"",""zh-hant"":""中國籍""}"
248,,"James H. Kinoshita","木下一","Kinoshita, James H.","木下一","Individual","Canadian, born 1933","加拿大籍，生於1933年","Male","男性",1933,"","{""en"":""Canadian"",""zh-hant"":""加拿大籍""}"
249,,"Lee Kit","李傑","Kit, Lee","李, 傑","Individual","Hong Kong, born 1978","香港，生於1978年","Male","男性",1978,"","{""en"":""Hong Kong"",""zh-hant"":""香港""}"
251,,"Kuang Jun","匡峻","Kuang Jun","匡, 峻","Individual","Chinese, born 1978","中國籍，生於1978年","Male","男性",1978,"","{""en"":""Chinese"",""zh-hant"":""中國籍""}"
252,,"Kuramata Shiro","倉俁史朗","Kuramata, Shiro","倉俁史朗","Individual","Japanese, 1934–1991","日本籍，1934–1991年","Male","男性",1934,"","{""en"":""Japanese"",""zh-hant"":""日本籍""}"
253,,"Kwan Sheung Chi","關尚智","Kwan, Sheung Chi","關, 尚智","Individual","Hong Kong, born 1980","1980年生於香港","Male","男性",1980,"","{""en"":""Hong Kong"",""zh-hant"":""香港""}"
255,,"Sofia Lagerkvist","","Lagerkvist, Sofia","","Individual","Swedish, born 1976","瑞典，生於1976年","Female","女性",1976,"","{""en"":""Swedish"",""zh-hant"":""瑞典籍""}"
256,,"Firenze Lai","黎清妍","Lai, Firenze","黎, 清妍","Individual","Hong Kong, born 1984","香港，生於1984年","Female","女性",1984,"","{""en"":""Hong Kong"",""zh-hant"":""香港""}"
259,,"Ian Lambot","林保賢","Lambot, Ian","林保賢","Individual","British, born 1953","英國籍，生於1953年","Male","男性",1953,"","{""en"":""British"",""zh-hant"":""英國籍""}"
261,,"Kwangho Lee","李光鎬","Lee, Kwangho","李光鎬","Individual","Korean, born 1981","韓國籍，生於1981年","Male","男性",1981,"","{""en"":""South Korean"",""zh-hant"":""南韓籍""}"
262,,"Leung Kui Ting","梁巨廷","Leung, Kui Ting","梁, 巨廷","Individual","Hong Kong, born China, 1945","香港，1945年生於中國","Male","男性",1945,"","{""en"":""Chinese"",""zh-hant"":""中國籍""}"
264,,"Li Dafang","李大方","Li, Dafang","李, 大方","Individual","Chinese, born 1971","中國籍，生於1971年","Male","男性",1971,"","{""en"":""Chinese"",""zh-hant"":""中國籍""}"
270,,"Li Shan","李山","Li, Shan","李, 山","Individual","Chinese, born 1942","中國籍，生於1942年","Male","男性",1942,"","{""en"":""Chinese"",""zh-hant"":""中國籍""}"
271,,"Li Songsong","李松松","Li, Songsong","李, 松松","Individual","Chinese, born 1973","中國籍，生於1973年","Male","男性",1973,"","{""en"":""Chinese"",""zh-hant"":""中國籍""}"
273,,"Li Tianbing","李天兵","Li, Tianbing","李, 天兵","Individual","Chinese, born 1974","中國籍，生於1974年","Male","男性",1974,"","{""en"":""Chinese"",""zh-hant"":""中國籍""}"
274,,"Li Wei","李暐","Li, Wei","李, 暐","Individual","Chinese, born 1970","中國籍，生於1970年","Male","男性",1970,"","{""en"":""Chinese"",""zh-hant"":""中國籍""}"
275,,"Li Wen","李文","Li, Wen","李, 文","Individual","Chinese, born 1982","中國籍，生於1982年","Male","男性",1982,"","{""en"":""Chinese"",""zh-hant"":""中國籍""}"
276,,"Lee Xe","李曦","Lee, Xe","李, 曦","Individual","Chinese, born 1979","中國籍，生於1979年","Female","女性",1979,"","{""en"":""Chinese"",""zh-hant"":""中國籍""}"
277,,"Li Yongbin","李永斌","Li, Yongbin","李, 永斌","Individual","Chinese, born 1963","中國籍，生於1963年","Male","男性",1963,"","{""en"":""Chinese"",""zh-hant"":""中國籍""}"
278,,"Li Yousong","李尤松","Li, Yousong","李, 尤松","Individual","Chinese, born 1968","中國籍，生於1968年","Male","男性",1968,"","{""en"":""Chinese"",""zh-hant"":""中國籍""}"
279,,"Li Yuan-chia","李元佳","Li, Yuan-chia","李, 元佳","Individual","British, born China. 1929–1994","英國籍，生於中國，1929–1994年","Male","男性",1929,"","{""en"":""British"",""zh-hant"":""英國籍""}"
280,,"Li Zhanyang","李占洋","Li, Zhanyang","李, 占洋","Individual","Chinese, born 1969","中國籍，生於1969年","Male","男性",1969,"","{""en"":""Chinese"",""zh-hant"":""中國籍""}"
281,,"Li Zhensheng","李振盛","Li, Zhensheng","李, 振盛","Individual","Chinese, born 1940","中國籍，生於1940年","Male","男性",1940,"","{""en"":""Chinese"",""zh-hant"":""中國籍""}"
283,,"Liang Shaoji","梁紹基","Liang, Shaoji","梁, 紹基","Individual","Chinese, born 1945","中國籍，生於1945年","Male","男性",1945,"","{""en"":""Chinese"",""zh-hant"":""中國籍""}"
286,,"Liang Yuanwei","梁遠葦","Liang, Yuanwei","梁, 遠葦","Individual","Chinese, born 1977","中國籍，生於1977年","Female","女性",1977,"","{""en"":""Chinese"",""zh-hant"":""中國籍""}"
287,,"Liao Guohe","廖國核","Liao, Guohe","廖, 國核","Individual","Chinese, born India, 1977","中國籍，1977年生於印度","Male","男性",1977,"","{""en"":""Chinese"",""zh-hant"":""中國籍""}"
289,,"Michael Lin","林明弘","Lin, Michael","林, 明弘","Individual","Taiwanese, born Japan, 1964","台灣籍，1964年生於日本","Male","男性",1964,"","{""en"":""Taiwanese"",""zh-hant"":""台灣籍""}"
29,,"Revital Cohen & Tuur Van Balen","","Revital Cohen & Tuur Van Balen","","Organization","established London, 2007","成立於倫敦","Not Applicable","",2007,"",""
290,,"Richard Lin","林壽宇","Lin, Richard","林, 壽宇","Individual","British, born Taiwan. 1933–2011","英國籍，生於台灣，1933–2011年","Male","男性",1933,"","{""en"":""British"",""zh-hant"":""英國籍""}"
293,,"Lin Xue","林穴","Lin, Xue","林, 穴","Individual","Hong Kong, born China, 1968","香港，1968年生於中國","Male","男性",1968,"","{""en"":""Hong Kong"",""zh-hant"":""香港""}"
294,,"Lin Yilin","林一林","Lin, Yilin","林, 一林","Individual","Chinese, born 1964","中國籍，生於1964年","Male","男性",1964,"","{""en"":""Chinese"",""zh-hant"":""中國籍""}"
295,,"Anna Lindgren","","Lindgren, Anna","","Individual","Swedish, born 1977","瑞典籍，生於1977年","Female","女性",1977,"","{""en"":""Swedish"",""zh-hant"":""瑞典籍""}"
297,,"Sophia Liu Bo","劉波","Liu Bo, Sophia","劉, 波","Individual","Chinese, born 1973","中國籍，生於1973年","Female","女性",1973,"","{""en"":""Chinese"",""zh-hant"":""中國籍""}"
298,,"Liu Bolin","劉勃麟","Liu, Bolin","劉, 勃麟","Individual","Chinese, born 1973","中國籍，生於1973年","Male","男性",1973,"","{""en"":""Chinese"",""zh-hant"":""中國籍""}"
299,,"Liu Chuang","劉窗","Liu, Chuang","劉, 窗","Individual","Chinese, born 1979","中國籍，生於1979年","Male","男性",1979,"","{""en"":""Chinese"",""zh-hant"":""中國籍""}"
301,,"Liu Ding","劉鼎","Liu, Ding","劉, 鼎","Individual","Chinese, born 1976","中國籍，生於1976年","Male","男性",1976,"","{""en"":""Chinese"",""zh-hant"":""中國籍""}"
303,,"Liu Heung-Shing","劉香成","Liu, Heung-Shing","劉, 香成","Individual","Hong Kong, born 1951","香港，生於1951年","Male","男性",1951,"","{""en"":""Hong Kong"",""zh-hant"":""香港""}"
305,,"Liu Jianhua","劉建華","Liu, Jianhua","劉, 建華","Individual","Chinese, born 1962","中國籍，生於1962年","Male","男性",1962,"","{""en"":""Chinese"",""zh-hant"":""中國籍""}"
306,,"Liu Jin","劉瑾","Liu, Jin","劉, 瑾","Individual","Chinese, born 1971","中國籍，生於1971年","Male","男性",1971,"","{""en"":""Chinese"",""zh-hant"":""中國籍""}"
308,,"Liu Qianyi","劉茜懿","Liu, QianyYi","劉, 茜懿","Individual","Chinese, born 1987","中國籍，生於1987年","Female","女性",1987,"","{""en"":""Chinese"",""zh-hant"":""中國籍""}"
31,,"Dennis Lau & Ng Chun Man Architects & Engineers (HK) Ltd.","劉榮廣伍振民建築師事務所（香港）有限公司","Dennis Lau & Ng Chun Man Architects & Engineers (HK) Ltd.","劉榮廣伍振民建築師事務所（香港）有限公司","Organization","established Hong Kong, 1972","1972年於香港成立","Not Applicable","",1972,"","{""en"":""Hong Kong"",""zh-hant"":""香港""}"
310,,"Liu Wei","劉煒","Liu, Wei","劉, 煒","Individual","Chinese, born 1965","中國籍，生於1965年","Male","男性",1965,"","{""en"":""Chinese"",""zh-hant"":""中國籍""}"
311,,"Liu Wei","劉韡","Liu, Wei","劉, 韡","Individual","Chinese, born 1972","中國籍，1972年生於北京","Male","男性",1972,"","{""en"":""Chinese"",""zh-hant"":""中國籍""}"
312,,"Liu Xiaodong","劉小東","Liu, Xiaodong","劉, 小東","Individual","Chinese, born 1963","中國籍，生於1963年","Male","男性",1963,"","{""en"":""Chinese"",""zh-hant"":""中國籍""}"
313,,"Liu Ye","劉野","Liu, Ye","劉, 野","Individual","Chinese, born 1964","中國籍，生於1964年","Male","男性",1964,"","{""en"":""Chinese"",""zh-hant"":""中國籍""}"
315,,"Liu Zheng","劉崢","Liu, Zheng","劉, 崢","Individual","Chinese, born 1969","中國籍，生於1969年","Male","男性",1969,"","{""en"":""Chinese"",""zh-hant"":""中國籍""}"
316,,"Liu Zhuoquan","劉卓泉","Liu, Zhuoquan","劉, 卓泉","Individual","Chinese, born 1964","中國籍，生於1964年","Male","男性",1964,"","{""en"":""Chinese"",""zh-hant"":""中國籍""}"
321,,"Lu Hao","盧昊","Lu, Hao","盧, 昊","Individual","Chinese, born 1969","中國籍，生於1969年","Male","男性",1969,"","{""en"":""Chinese"",""zh-hant"":""中國籍""}"
323,,"Lu Qing","路青","Lu, Qing","路, 青","Individual","Chinese, born 1964","中國籍，生於1964年","Female","女性",1964,"","{""en"":""Chinese"",""zh-hant"":""中國籍""}"
325,,"Lu Yuanmin","陸元敏","Lu, Yuanmin","陸, 元敏","Individual","Chinese, born 1950","中國籍，生於1950年","Male","男性",1950,"","{""en"":""Chinese"",""zh-hant"":""中國籍""}"
326,,"Lui Chun-kwong","呂振光","Lui, Chun Kwong","呂, 振光","Individual","Hong Kong, born China, 1956","香港，生於1956年","Male","男性",1956,"","{""en"":""Hong Kong"",""zh-hant"":""香港""}"
327,,"Lui Shou-kwan","呂壽琨","Lui, Shou-kwan","呂, 壽琨","Individual","Hong Kong, born China. 1919–1975","香港，生於中國，1919–1975年","Male","男性",1919,"","{""en"":""Hong Kong"",""zh-hant"":""香港""}"
328,,"Ken Lum","林蔭庭","Lum, Ken","林蔭庭","Individual","Canadian, born 1956","加拿大籍，生於1956年","Male","男性",1956,"","{""en"":""Canadian"",""zh-hant"":""加拿大籍""}"
330,,"Luo Hui","羅琿","Luo, Hui","羅, 琿","Individual","Chinese, born 1973","中國籍，生於1973年","Female","女性",1973,"","{""en"":""Chinese"",""zh-hant"":""中國籍""}"
332,,"Eric Lye","黎錦超","Lye, Eric","黎, 錦超","Individual","Hong Kong, born Malaysia. 1934–2003","香港，生於馬來西亞，1934–2003年","Male","男性",1934,"","{""en"":""Hong Kong"",""zh-hant"":""香港""}"
333,,"Ma Desheng","馬德升","Ma, Desheng","馬德升","Individual","Chinese, born 1952","中國籍，生於1952年","Male","男性",1952,"","{""en"":""French"",""zh-hant"":""法國籍""}"
334,,"Ma Han","馬晗","Ma, Han","馬, 晗","Individual","Chinese, born 1968","中國籍，生於1968年","Male","男性",1968,"","{""en"":""Chinese"",""zh-hant"":""中國籍""}"
336,,"Ma Liuming","馬六明","Ma, Liuming","馬, 六明","Individual","Chinese, born 1969","中國籍，生於1969年","Male","男性",1969,"","{""en"":""Chinese"",""zh-hant"":""中國籍""}"
337,,"Ma Yansong","馬岩松","Ma, Yansong","馬岩松","Individual","Chinese, born 1975","中國籍，生於1975年","Male","男性",1975,"","{""en"":""Chinese"",""zh-hant"":""中國籍""}"
338,,"Ma Yunfei","馬雲飛","Ma, Yunfei","馬, 雲飛","Individual","Chinese, born 1960","中國籍，生於1960年","Male","男性",1960,"","{""en"":""Chinese"",""zh-hant"":""中國籍""}"
34,,"EOQ","","EOQ","","Organization","Hong Kong, established 2012","2012年於香港成立","Not Applicable","",2012,"","{""en"":""Hong Kong"",""zh-hant"":""香港""}"
340,,"Mao Tongqiang","毛同強","Mao, Tongqiang","毛, 同強","Individual","Chinese, born 1960","中國籍，生於1960年","Male","男性",1960,"","{""en"":""Chinese"",""zh-hant"":""中國籍""}"
341,,"Mao Yan","毛焰","Mao, Yan","毛, 焰","Individual","Chinese, born 1968","中國籍，生於1968年","Male","男性",1968,"","{""en"":""Chinese"",""zh-hant"":""中國籍""}"
342,,"Meng Huang","孟煌","Meng, Huang","孟, 煌","Individual","Chinese, born 1966","中國籍，生於1966年","Male","男性",1966,"","{""en"":""Chinese"",""zh-hant"":""中國籍""}"
343,,"Meng Jin","孟瑾","Meng, Jin","孟, 瑾","Individual","Chinese, born 1973","中國籍，生於1973年","Female","女性",1973,"","{""en"":""Chinese"",""zh-hant"":""中國籍""}"
345,,"Miao Xiaochun","繆曉春","Miao, Xiaochun","繆, 曉春","Individual","Chinese, born 1964","中國籍，生於1964年","Male","男性",1964,"","{""en"":""Chinese"",""zh-hant"":""中國籍""}"
348,,"Linda Montano","","Montano, Linda","","Individual","American, born 1942","美國籍，生於1942年","Female","女性",1942,"","{""en"":""American"",""zh-hant"":""美國籍""}"
349,,"Mu Chen","慕辰","Mu, Chen","慕辰","Individual","Chinese, born 1970","中國籍，生於1970年","Female","女性",1970,"","{""en"":""Chinese"",""zh-hant"":""中國籍""}"
352,,"Lulu Ngie","倪鷺露","Ngie, Lulu","倪鷺露","Individual","Hong Kong, born China, 1972","香港，1972年生於中國","Female","女性",1972,"","{""en"":""Hong Kong"",""zh-hant"":""香港""}"
354,,"Ni Youyu","倪有魚","Ni, Youyu","倪, 有魚","Individual","Chinese, born 1984","中國籍，生於1984年","Male","男性",1984,"","{""en"":""Chinese"",""zh-hant"":""中國籍""}"
358,,"Ozawa Tsuyoshi","小澤剛","Ozawa, Tsuyoshi","小澤剛","Individual","Japanese, born 1965","日本籍，生於1965年","Male","男性",1965,"","{""en"":""Japanese"",""zh-hant"":""日本籍""}"
359,,"Nam June Paik","白南准","Paik, Nam June","白南准","Individual","American, born Korea. 1932–2006","美國籍，生於韓國，1932–2006年","Male","男性",1932,"","{""en"":""American"",""zh-hant"":""美國籍""}"
36,,"Kwok Mang-ho (a.k.a. Frog King)","郭孟浩","Kwok, Mang-ho","郭孟浩","Individual","Hong Kong, born China, 1947","香港，1947年生於中國","Male","男性",1947,"","{""en"":""Hong Kong"",""zh-hant"":""香港""}"
361,,"Pan De Hai","潘德海","Pan, De Hai","潘, 德海","Individual","Chinese, born 1956","中國籍，生於1956年","Male","男性",1956,"","{""en"":""Chinese"",""zh-hant"":""中國籍""}"
362,,"Pan Jian","潘劍","Pan, Jian","潘, 劍","Individual","Chinese, born 1975","中國籍，生於1975年","Male","男性",1975,"","{""en"":""Chinese"",""zh-hant"":""中國籍""}"
363,,"Pan Xiaorong","潘小榮","Pan, Xiaorong","潘, 小榮","Individual","Chinese, born 1985","中國籍，生於1985年","Male","男性",1985,"","{""en"":""Chinese"",""zh-hant"":""中國籍""}"
365,,"Ellen Pau","鮑藹倫","Pau, Ellen","鮑, 藹倫","Individual","Hong Kong, born 1961","香港，生於1961年","Female","女性",1961,"","{""en"":""Hong Kong"",""zh-hant"":""香港""}"
366,,"Peng Wei","彭薇","Peng, Wei","彭, 薇","Individual","Chinese, born 1974","中國籍，生於1974年","Female","女性",1974,"","{""en"":""Chinese"",""zh-hant"":""中國籍""}"
368,,"Peng Yu","彭宇","Peng, Yu","彭, 宇","Individual","Chinese, born 1974","中國籍，生於1974年","Female","女性",1974,"","{""en"":""Chinese"",""zh-hant"":""中國籍""}"
369,,"Katja Pettersson","","Pettersson, Katja","","Individual","Swedish, born 1976","瑞典，生於1976年","Female","女性",1976,"","{""en"":""Swedish"",""zh-hant"":""瑞典籍""}"
37,,"Front","","Front","","Organization","established Stockholm, 2003","2003年成立於斯德哥爾摩","Not Applicable","",2003,"","{""en"":""Swiss"",""zh-hant"":""瑞士籍""}"
370,,"Pu Jie","浦捷","Pu, Jie","浦, 捷","Individual","Chinese, born 1959","中國籍，生於1959年","Male","男性",1959,"","{""en"":""Chinese"",""zh-hant"":""中國籍""}"
371,,"Florian Pucher","弗洛里安·普克爾","Pucher, Florian","弗洛里安·普克爾","Individual","Austrian, born 1977","奧地利籍，生於1977年","Male","男性",1977,"","{""en"":""Austrian"",""zh-hant"":""奧地利籍""}"
372,,"Qi Zhilong","祁志龍","Qi, Zhilong","祁, 志龍","Individual","Chinese, born 1962","中國籍，生於1962年","Male","男性",1962,"","{""en"":""Chinese"",""zh-hant"":""中國籍""}"
373,,"Qin Ga","琴嘎","Qin, Ga","琴, 嘎","Individual","Chinese, born 1971","中國籍，生於1971年","Male","男性",1971,"","{""en"":""Chinese"",""zh-hant"":""中國籍""}"
374,,"Qin Qi","秦琦","Qin, Qi","秦, 琦","Individual","Chinese, born 1975","中國籍，生於1975年","Male","男性",1975,"","{""en"":""Chinese"",""zh-hant"":""中國籍""}"
377,,"Qiu Jie","邱節","Qiu, Jie","邱, 節","Individual","Chinese, born 1961","中國籍，生於1961年","Male","男性",1961,"","{""en"":""Chinese"",""zh-hant"":""中國籍""}"
378,,"Yau Leung","邱良","Yau, Leung","邱良","Individual","Hong Kong, 1941–1997","香港，1941–1997年","Male","男性",1941,"","{""en"":""Hong Kong"",""zh-hant"":""香港""}"
379,,"Qiu Shihua","邱世華","Qiu, Shi Hua","邱, 世華","Individual","Chinese, born 1940","中國籍，生於1940年","Male","男性",1940,"","{""en"":""Chinese"",""zh-hant"":""中國籍""}"
380,,"Qiu Xiaofei","仇曉飛","Qiu, Xiaofei","仇, 曉飛","Individual","Chinese, born 1977","中國籍，生於1977年","Male","男性",1977,"","{""en"":""Chinese"",""zh-hant"":""中國籍""}"
382,,"Qiu Zhijie","邱志傑","Qiu, Zhijie","邱, 志傑","Individual","Chinese, born 1969","中國籍，生於1969年","Male","男性",1969,"","{""en"":""Chinese"",""zh-hant"":""中國籍""}"
383,,"Qu Yan","渠岩","Qu, Yan","渠, 岩","Individual","Chinese, born 1955","中國籍，生於1955年","Male","男性",1955,"","{""en"":""Chinese"",""zh-hant"":""中國籍""}"
386,,"Rong Rong","榮榮","Rong, Rong","榮, 榮","Individual","Chinese, born 1968","中國籍，生於1968年","Male","男性",1968,"","{""en"":""Chinese"",""zh-hant"":""中國籍""}"
389,,"Paul Rudolph","","Rudolph, Paul","","Individual","American, 1918–1997","生於美國，1918–1997年","Male","男性",1918,"","{""en"":""American"",""zh-hant"":""美國籍""}"
390,,"Sakakura Junzo","坂倉準三","Sakakura, Junzo","坂倉準三","Individual","Japanese, 1901–1969","日本籍，1901–1969年","Male","男性",1901,"","{""en"":""Japanese"",""zh-hant"":""日本籍""}"
391,,"Manuel Salvisberg","曼努埃爾·沙爾維斯堡","Salvisberg, Manuel","曼努埃爾·沙爾維斯堡","Individual","Swiss","瑞士籍","Male","男性","","","{""en"":""Swiss"",""zh-hant"":""瑞士籍""}"
395,,"Shan Fan","單凡","Shan, Fan","單, 凡","Individual","Chinese, born 1959","中國籍，生於1959年","Male","男性",1959,"","{""en"":""German"",""zh-hant"":""德國籍""}"
397,,"Shao Fan","邵帆","Shao, Fan","邵, 帆","Individual","Chinese, born 1964","中國籍，生於1964年","Male","男性",1964,"","{""en"":""Chinese"",""zh-hant"":""中國籍""}"
398,,"Shao Wenhuan","邵文歡","Shao, Wenhuan","邵, 文歡","Individual","Chinese, born 1971","中國籍，生於1971年","Male","男性",1971,"","{""en"":""Chinese"",""zh-hant"":""中國籍""}"
399,,"Shao Yinong","邵逸農","Shao, Yinong","邵逸農","Individual","Chinese, born 1961","中國籍，生於1961年","Male","男性",1961,"","{""en"":""Chinese"",""zh-hant"":""中國籍""}"
400,,"Hassan Sharif","","Sharif, Hassan","","Individual","Emirati, 1951–2016","阿拉伯聯合酋長國籍，1951–2016年","Male","男性",1951,"","{""en"":""Emirati"",""zh-hant"":""阿聯酋籍""}"
401,,"Shen Fan","申凡","Shen, Fan","申, 凡","Individual","Chinese, born 1952","中國籍，生於1952年","Male","男性",1952,"","{""en"":""Chinese"",""zh-hant"":""中國籍""}"
402,,"Shen Shaomin","沈少民","Shen, Shaomin","沈, 少民","Individual","Chinese, born 1956","中國籍，生於1956年","Male","男性",1956,"","{""en"":""Chinese"",""zh-hant"":""中國籍""}"
403,,"Shen Yuan","沈遠","Shen, Yuan","沈, 遠","Individual","Chinese, born 1959","中國籍，生於1959年","Female","女性",1959,"","{""en"":""Chinese"",""zh-hant"":""中國籍""}"
404,,"Shi Chong","石沖","Shi, Chong","石, 沖","Individual","Chinese, born 1963","中國籍，生於1963年","Male","男性",1963,"","{""en"":""Chinese"",""zh-hant"":""中國籍""}"
405,,"Shi Guorui","史國瑞","Shi, Guorui","史, 國瑞","Individual","Chinese, born 1964","中國籍，生於1964年","Male","男性",1964,"","{""en"":""Chinese"",""zh-hant"":""中國籍""}"
406,,"Shi Jing","石婧","Shi, Jing","石, 婧","Individual","Chinese, born 1971","中國籍，生於1971年","Female","女性",1971,"","{""en"":""Chinese"",""zh-hant"":""中國籍""}"
408,,"Shi Xinning","石心寧","Shi, Xinning","石, 心寧","Individual","Chinese, born 1969","中國籍，生於1969年","Male","男性",1969,"","{""en"":""Chinese"",""zh-hant"":""中國籍""}"
410,,"Shi Yong","施勇","Shi, Yong","施, 勇","Individual","Chinese, born 1963","中國籍，生於1963年","Male","男性",1963,"","{""en"":""Chinese"",""zh-hant"":""中國籍""}"
411,,"Wilson Shieh Ka-ho","石家豪","Shieh Ka-ho, Wilson","石家豪","Individual","Hong Kong, born 1970","香港，生於1970年","Male","男性",1970,"","{""en"":""Hong Kong"",""zh-hant"":""香港""}"
414,,"Song Dong","宋冬","Song, Dong","宋, 冬","Individual","Chinese, born 1966","中國籍，生於1966年","Male","男性",1966,"","{""en"":""Chinese"",""zh-hant"":""中國籍""}"
415,,"Song Kun","宋鯤","Song, Kun","宋, 鯤","Individual","Chinese, born 1977","中國籍，生於1977年","Female","女性",1977,"","{""en"":""Chinese"",""zh-hant"":""中國籍""}"
416,,"Song Ta","宋拓","Song, Ta","宋, 拓","Individual","Chinese, born 1988","中國籍，生於1988年","Male","男性",1988,"","{""en"":""Chinese"",""zh-hant"":""中國籍""}"
417,,"Song Tao","宋濤","Song, Tao","宋, 濤","Individual","Chinese, born 1979","中國籍，生於1979年","Male","男性",1979,"","{""en"":""Chinese"",""zh-hant"":""中國籍""}"
418,,"Song Yongping","宋永平","Song, Yongping","宋, 永平","Individual","Chinese, born 1961","中國籍，生於1961年","Male","男性",1961,"","{""en"":""Chinese"",""zh-hant"":""中國籍""}"
420,,"Kishio Suga","菅木志雄","Suga, Kishio","菅木志雄","Individual","Japanese, born 1944","日本籍，生於1944年","Male","男性",1944,"","{""en"":""Japanese"",""zh-hant"":""日本籍""}"
421,,"Sui Jianguo","隋建國","Sui, Jianguo","隋, 建國","Individual","Chinese, born 1956","中國籍，生於1956年","Male","男性",1956,"","{""en"":""Chinese"",""zh-hant"":""中國籍""}"
422,,"Sun Guoqi","孫國岐","Sun, Guoqi","孫, 國岐","Individual","Chinese, born 1942","中國籍，生於1942年","Male","男性",1942,"","{""en"":""Chinese"",""zh-hant"":""中國籍""}"
424,,"Sun Yuan","孫原","Sun, Yuan","孫, 原","Individual","Chinese, born 1972","中國籍，生於1972年","Male","男性",1972,"","{""en"":""Chinese"",""zh-hant"":""中國籍""}"
425,,"T'ang Haywen","曾海文","T'ang, Haywen","曾, 海文","Individual","Chinese, 1927–1991","中國籍，1927–1991年","Male","男性",1927,"","{""en"":""Chinese"",""zh-hant"":""中國籍""}"
429,,"Tang Hui","唐暉","Tang, Hui","唐, 暉","Individual","Chinese, born 1968","中國籍，生於1968年","Male","男性",1968,"","{""en"":""Chinese"",""zh-hant"":""中國籍""}"
431,,"Tian Wei","田偉","Tian, Wei","田, 偉","Individual","Chinese, born 1955","中國籍，生於1955年","Female","女性",1955,"","{""en"":""Chinese"",""zh-hant"":""中國籍""}"
432,,"Rirkrit Tiravanija","","Tiravanija, Rirkrit","","Individual","Thai, born Argentina, 1961","泰國籍，1961年生於阿根廷","Male","男性",1961,"","{""en"":""Thai"",""zh-hant"":""泰國籍""}"
433,,"Bernard Tschumi","","Tschumi, Bernard","","Individual","French and Swiss, born Switzerland, 1944","法國／瑞士籍，1944年生於瑞士","Male","男性",1944,"",""
434,,"Shirley Tse","謝淑妮","Tse, Shirley","謝淑妮","Individual","American, born Hong Kong, 1968","美國籍，1968年生於香港","Female","女性",1968,"","{""en"":""American"",""zh-hant"":""美國籍""}"
435,,"Tseng Yuho","曾佑和","Tseng, Yuho","曾, 佑和","Individual","American, born China. 1925–2017","美國籍，生於中國，1925–2017年","Female","女性",1925,"","{""en"":""American"",""zh-hant"":""美國籍""}"
436,,"Yamazaki Tsuruko","山崎つる子","Tsuruko, Yamazaki","山崎つる子","Individual","Japanese, born 1925","日本籍，生於1925年","Female","女性",1925,"","{""en"":""Japanese"",""zh-hant"":""日本籍""}"
437,,"Ludwig Mies van der Rohe","路德維希·密斯·凡德羅","Mies van der Rohe, Ludwig","路德維希·密斯·凡德羅","Individual","German, 1886–1969","德國籍，1886–1969年","Unknown","不詳",1886,"","{""en"":""German"",""zh-hant"":""德國籍""}"
438,,"Maryn Varbanov","萬曼","Varbanov, Maryn","萬曼","Individual","Bulgarian, 1932–1989","保加利亞籍，1932–1989年","Male","男性",1932,"","{""en"":""Bulgarian"",""zh-hant"":""保加利亞籍""}"
439,,"Charlotte von der Lancken","","von der Lancken, Charlotte","","Individual","Swedish, born 1978","瑞典籍，生於1978年","Female","女性",1978,"","{""en"":""Swedish"",""zh-hant"":""瑞典籍""}"
44,,"Tsang Tsou-choi (a.k.a. King of Kowloon)","曾灶財","Tsang, Tsou-choi","曾, 灶財","Individual","Hong Kong, born China, 1921–2007","香港，生於中國，1921–2007年","Male","男性",1921,"","{""en"":""Hong Kong"",""zh-hant"":""香港""}"
443,,"Wang Gongxin","王功新","Wang, Gongxin","王, 功新","Individual","Chinese, born 1960","中國籍，生於1960年","Male","男性",1960,"","{""en"":""Chinese"",""zh-hant"":""中國籍""}"
444,,"Wang Guangle","王光樂","Wang, Guangle","王, 光樂","Individual","Chinese, born 1976","中國籍，生於1976年","Male","男性",1976,"","{""en"":""Chinese"",""zh-hant"":""中國籍""}"
445,,"Wang Guangyi","王廣義","Wang, Guangyi","王, 廣義","Individual","Chinese, born 1958","中國籍，生於1958年","Male","男性",1958,"","{""en"":""Chinese"",""zh-hant"":""中國籍""}"
447,,"Wang Jin","王晉","Wang, Jin","王, 晉","Individual","Chinese, born 1962","中國籍，生於1962年","Male","男性",1962,"","{""en"":""Chinese"",""zh-hant"":""中國籍""}"
448,,"Wang Jinsong","王勁松","Wang, Jinsong","王, 勁松","Individual","Chinese, born 1963","中國籍，生於1963年","Male","男性",1963,"","{""en"":""Chinese"",""zh-hant"":""中國籍""}"
449,,"Wang Jun","王軍","Wang, Jun","王, 軍","Individual","Chinese, born 1974","中國籍，生於1974年","Male","男性",1974,"","{""en"":""Chinese"",""zh-hant"":""中國籍""}"
450,,"Wang Keping","王克平","Wang, Keping","王, 克平","Individual","Chinese, born 1949","中國籍，生於1949年","Male","男性",1949,"","{""en"":""Chinese"",""zh-hant"":""中國籍""}"
453,,"Wang Mai","王邁","Wang, Mai","王, 邁","Individual","Chinese, born 1972","中國籍，生於1972年","Male","男性",1972,"","{""en"":""Chinese"",""zh-hant"":""中國籍""}"
454,,"Wang Ningde","王寧德","Wang, Ningde","王, 寧德","Individual","Chinese, born 1972","中國籍，生於1972年","Male","男性",1972,"","{""en"":""Chinese"",""zh-hant"":""中國籍""}"
455,,"Wang Peng","王蓬","Wang, Peng","王, 蓬","Individual","Chinese, born 1964","中國籍，生於1964年","Male","男性",1964,"","{""en"":""Chinese"",""zh-hant"":""中國籍""}"
456,,"Wang Qiang","王強","Wang, Qiang","王, 強","Individual","Chinese, born 1963","中國籍，生於1963年","Male","男性",1963,"","{""en"":""Chinese"",""zh-hant"":""中國籍""}"
457,,"Wang Qing","王頃","Wang, Qing","王, 頃","Individual","Chinese, born 1968","中國籍，生於1968年","Male","男性",1968,"","{""en"":""Chinese"",""zh-hant"":""中國籍""}"
458,,"Wang Qingsong","王慶松","Wang, Qingsong","王, 慶松","Individual","Chinese, born 1966","中國籍，生於1966年","Male","男性",1966,"","{""en"":""Chinese"",""zh-hant"":""中國籍""}"
459,,"Wang Shilong","王世龍","Wang, Shilong","王, 世龍","Individual","Chinese, 1930–2013","中國籍，1930–2013年","Male","男性",1930,"","{""en"":""Chinese"",""zh-hant"":""中國籍""}"
463,,"Wang Xingwei","王興偉","Wang, Xingwei","王, 興偉","Individual","Chinese, born 1969","中國籍，生於1969年","Male","男性",1969,"","{""en"":""Chinese"",""zh-hant"":""中國籍""}"
464,,"Wang Yin","王音","Wang, Yin","王, 音","Individual","Chinese, born 1964","中國籍，生於1964年","Male","男性",1964,"","{""en"":""Chinese"",""zh-hant"":""中國籍""}"
465,,"Wang Youshen","王友身","Wang, Youshen","王友身","Individual","Chinese, born 1964","中國籍，生於1964年","Male","男性",1964,"","{""en"":""Chinese"",""zh-hant"":""中國籍""}"
470,,"Wei Guangqing","魏光慶","Wei, Guangqing","魏光慶","Individual","Chinese, born 1963","中國籍，生於1963年","Male","男性",1963,"","{""en"":""Chinese"",""zh-hant"":""中國籍""}"
473,,"Weng Fen","翁奮","Weng, Fen","翁, 奮","Individual","Chinese, born 1961","中國籍，生於1961年","Male","男性",1961,"","{""en"":""Chinese"",""zh-hant"":""中國籍""}"
474,,"Michael Wolf","吳爾夫","Wolf, Michael","吳爾夫","Individual","German, born 1954","香港，1954年生於德國","Male","男性",1954,"","{""en"":""German"",""zh-hant"":""德國籍""}"
477,,"Wong Wai Yin","黃慧妍","Wong, Wai Yin","黃, 慧妍","Individual","Hong Kong, born 1981","香港，生於1981年","Female","女性",1981,"","{""en"":""Hong Kong"",""zh-hant"":""香港""}"
478,,"Wucius Wong","王無邪","Wong, Wucius","王無邪","Individual","Hong Kong, born China, 1936","香港，1936年生於中國","Male","男性",1936,"","{""en"":""Hong Kong"",""zh-hant"":""香港""}"
479,,"Frank Lloyd Wright","弗蘭克·勞埃德·賴特","Wright, Frank Lloyd","弗蘭克·勞埃德·賴特","Individual","American, 1867–1959","美國籍，1867–1959年","Male","男性",1867,"","{""en"":""American"",""zh-hant"":""美國籍""}"
48,,"MAD Architects","MAD建築事務所","MAD Architects","MAD建築事務所","Organization","established Beijing, 2004","2004年成立於北京","Not Applicable","",2004,"","{""en"":""Chinese"",""zh-hant"":""中國籍""}"
483,,"Wu Shanzhuan","吳山專","Wu, Shanzhuan","吳, 山專","Individual","Chinese, born 1960","中國籍，生於1960年","Male","男性",1960,"","{""en"":""Chinese"",""zh-hant"":""中國籍""}"
484,,"Wu Xiaochuan","武小川","Wu, Xiaochuan","武, 小川","Individual","Chinese, born 1973","中國籍，生於1973年","Male","男性",1973,"","{""en"":""Chinese"",""zh-hant"":""中國籍""}"
485,,"Wu Xiaojun","吳小軍","Wu, Xiaojun","吳, 小軍","Individual","Chinese, born 1960","中國籍，生於1960年","Male","男性",1960,"","{""en"":""Chinese"",""zh-hant"":""中國籍""}"
486,,"Wu Yunhua","吳雲華","Wu, Yunhua","吳, 雲華","Individual","Chinese, born 1944","中國籍，生於1944年","Male","男性",1944,"","{""en"":""Chinese"",""zh-hant"":""中國籍""}"
487,,"Francis Wu","吳章建","Wu, Francis","吳章建","Individual","Hong Kong, born China. 1911–1989","香港，生於中國，1911–1989年","Male","男性",1911,"","{""en"":""Hong Kong"",""zh-hant"":""香港""}"
489,,"Xia Xiaowen","夏小萬","Xia, Xiaowen","夏, 小萬","Individual","Chinese, born 1959","中國籍，生於1959年","Male","男性",1959,"","{""en"":""Chinese"",""zh-hant"":""中國籍""}"
490,,"Xiang Jing","向京","Xiang, Jing","向, 京","Individual","Chinese, born 1968","中國籍，生於1968年","Female","女性",1968,"","{""en"":""Chinese"",""zh-hant"":""中國籍""}"
491,,"Xiang Liqing","向利慶","Xiang, Liqing","向, 利慶","Individual","Chinese, born 1973","中國籍，生於1973年","Male","男性",1973,"","{""en"":""Chinese"",""zh-hant"":""中國籍""}"
493,,"Xiao Tianyu","肖天宇","Xiao, Tianyu","肖天宇","Individual","Chinese, born 1987","中國籍，生於1987年","Male","男性",1987,"","{""en"":""Chinese"",""zh-hant"":""中國籍""}"
497,,"Xie Nanxing","謝南星","Xie, Nanxing","謝, 南星","Individual","Chinese, born 1970","中國籍，生於1970年","Male","男性",1970,"","{""en"":""Chinese"",""zh-hant"":""中國籍""}"
498,,"Xie Qi","謝其","Xie, Qi","謝, 其","Individual","Chinese, born 1974","中國籍，生於1974年","Female","女性",1974,"","{""en"":""Chinese"",""zh-hant"":""中國籍""}"
499,,"Xin Yunpeng","辛雲鵬","Xin, Yunpeng","辛, 雲鵬","Individual","Chinese, born 1982","中國籍，生於1982年","Male","男性",1982,"","{""en"":""Chinese"",""zh-hant"":""中國籍""}"
500,,"Xing Danwen","邢丹文","Xing, Danwen","邢, 丹文","Individual","Chinese, born 1967","中國籍，生於1967年","Female","女性",1967,"","{""en"":""Chinese"",""zh-hant"":""中國籍""}"
502,,"Xu Hong","徐弘","Xu, Hong","徐, 弘","Individual","Chinese, born 1957","中國籍，生於1957年","Male","男性",1957,"","{""en"":""Chinese"",""zh-hant"":""中國籍""}"
503,,"Xu Hongming","徐紅明","Xu, Hongming","徐, 紅明","Individual","Chinese, born 1971","中國籍，生於1971年","Male","男性",1971,"","{""en"":""Chinese"",""zh-hant"":""中國籍""}"
504,,"Xu Hualing","徐華翎","Xu, Hualing","徐, 華翎","Individual","Chinese, born 1975","中國籍，生於1975年","Female","女性",1975,"","{""en"":""Chinese"",""zh-hant"":""中國籍""}"
506,,"Xu Peiwu","許培武","Xu, Peiwu","許, 培武","Individual","Chinese, born 1963","中國籍，生於1963年","Male","男性",1963,"","{""en"":""Chinese"",""zh-hant"":""中國籍""}"
507,,"Xu Qin","徐勤","Xu, Qin","徐, 勤","Individual","Chinese, born 1985","中國籍，生於1985年","Male","男性",1985,"","{""en"":""Chinese"",""zh-hant"":""中國籍""}"
509,,"Xu Ruotao","徐若濤","Xu, Ruotao","徐, 若濤","Individual","Chinese, born 1968","中國籍，生於1968年","Male","男性",1968,"","{""en"":""Chinese"",""zh-hant"":""中國籍""}"
51,,"nendo","","nendo","","Organization","established Tokyo, 2002","2002年成立於東京","Not Applicable","",2002,"","{""en"":""Japanese"",""zh-hant"":""日本籍""}"
510,,"Xu Tan","徐坦","Xu, Tan","徐坦","Individual","Chinese, born 1957","中國籍，生於1957年","Male","男性",1957,"","{""en"":""Chinese"",""zh-hant"":""中國籍""}"
511,,"Xu Wentao","徐文濤","Xu, Wentao","徐, 文濤","Individual","Chinese, born 1968","中國籍，生於1968年","Male","男性",1968,"","{""en"":""Chinese"",""zh-hant"":""中國籍""}"
512,,"Xu Xiaoguo","徐小國","Xu, Xiaoguo","徐, 小國","Individual","Chinese, born 1977","中國籍，生於1977年","Male","男性",1977,"","{""en"":""Chinese"",""zh-hant"":""中國籍""}"
513,,"Xu Yihui","徐一暉","Xu, Yihui","徐, 一暉","Individual","Chinese, born 1964","中國籍，生於1964年","Male","男性",1964,"","{""en"":""Chinese"",""zh-hant"":""中國籍""}"
514,,"Xu Zhen","徐震","Xu, Zhen","徐, 震","Individual","Chinese, born 1977","中國籍，生於1977年","Male","男性",1977,"","{""en"":""Chinese"",""zh-hant"":""中國籍""}"
515,,"Xu Zhongmin","許仲敏","Xu, Zhongmin","許, 仲敏","Individual","Chinese, born 1961","中國籍，生於1961年","Male","男性",1961,"","{""en"":""Chinese"",""zh-hant"":""中國籍""}"
516,,"Xue Feng","薛峰","Xue, Feng","薛, 峰","Individual","Chinese, born 1973","中國籍，生於1973年","Male","男性",1973,"","{""en"":""Chinese"",""zh-hant"":""中國籍""}"
517,,"Xue Song","薛松","Xue, Song","薛, 松","Individual","Chinese, born 1965","中國籍，生於1965年","Male","男性",1965,"","{""en"":""Chinese"",""zh-hant"":""中國籍""}"
518,,"Xue Zijiang","薛子江","Xue Zijiang","薛子江","Individual","","香港，生於中國，1910–1962年","Male","男性","","",""
519,,"Iwao Yamawaki","山脇巌","Yamawaki, Iwao","山脇巌","Individual","Japanese, 1898–1987","日本籍，1898–1987年","Male","男性",1898,"","{""en"":""Japanese"",""zh-hant"":""日本籍""}"
52,,"OMA","","OMA","","Organization","established Rotterdam, 1975","1975年成立於鹿特丹","Not Applicable","",1975,"","{""en"":""Dutch"",""zh-hant"":""荷蘭籍""}"
520,,"Yan Lei","顏磊","Yan, Lei","顏磊","Individual","Chinese, born 1964","中國籍，生於1965年","Male","男性",1965,"","{""en"":""Chinese"",""zh-hant"":""中國籍""}"
521,,"Yan Xing","鄢醒","Yan, Xing","鄢醒","Individual","Chinese, born 1986","中國籍，生於1986年","Male","男性",1986,"","{""en"":""Chinese"",""zh-hant"":""中國籍""}"
522,,"Changjiang Yan","顔長江","Yan, Changjiang","顔, 長江","Individual","Chinese, born 1968","中國籍，生於1968年","Male","男性",1968,"","{""en"":""Chinese"",""zh-hant"":""中國籍""}"
523,,"Yang Fudong","楊福東","Yang, Fudong","楊, 福東","Individual","Chinese, born 1971","中國籍，生於1971年","Male","男性",1971,"","{""en"":""Chinese"",""zh-hant"":""中國籍""}"
524,,"Haegue Yang","梁慧圭","Yang, Haegue","梁慧圭","Individual","Korean, born 1971","韓國籍，生於1971年","Male","男性",1971,"","{""en"":""South Korean"",""zh-hant"":""南韓籍""}"
525,,"Yang Jiechang","楊詰蒼","Yang, Jiechang","楊詰蒼","Individual","Chinese, born 1956","中國籍，生於1956年","Male","男性",1956,"","{""en"":""Chinese"",""zh-hant"":""中國籍""}"
526,,"Yang Maoyuan","楊茂源","Yang, Maoyuan","楊, 茂源","Individual","Chinese, born 1966","中國籍，生於1966年","Male","男性",1966,"","{""en"":""Chinese"",""zh-hant"":""中國籍""}"
528,,"Yang Mian","楊冕","Yang, Mian","楊, 冕","Individual","Chinese, born 1970","中國籍，生於1970年","Male","男性",1970,"","{""en"":""Chinese"",""zh-hant"":""中國籍""}"
529,,"Yang Na","楊納","Yang, Na","楊, 納","Individual","Chinese, born 1982","中國籍，生於1982年","Female","女性",1982,"","{""en"":""Chinese"",""zh-hant"":""中國籍""}"
530,,"Yan Pei-Ming","嚴培明","Yan, Pei-Ming","嚴, 培明","Individual","Chinese, born 1960","中國籍，生於1960年","Male","男性",1960,"","{""en"":""Chinese"",""zh-hant"":""中國籍""}"
531,,"Yang Qian","楊千","Yang, Qian","楊, 千","Individual","Chinese, born 1959","中國籍，生於1959年","Male","男性",1959,"","{""en"":""Chinese"",""zh-hant"":""中國籍""}"
532,,"Yang Shaobin","楊少斌","Yang, Shaobin","楊, 少斌","Individual","Chinese, born 1963","中國籍，生於1963年","Male","男性",1963,"","{""en"":""Chinese"",""zh-hant"":""中國籍""}"
535,,"Yang Xinguang","楊心廣","Yang, Xinguang","楊, 心廣","Individual","Chinese, born 1980","中國籍，生於1980年","Male","男性",1980,"","{""en"":""Chinese"",""zh-hant"":""中國籍""}"
537,,"Yang Yongliang","楊泳梁","Yang, Yongliang","楊, 泳梁","Individual","Chinese, born 1980","中國籍，生於1980年","Male","男性",1980,"","{""en"":""Chinese"",""zh-hant"":""中國籍""}"
538,,"Yang Zhenzhong","楊振中","Yang, Zhenzhong","楊, 振中","Individual","Chinese, born 1968","中國籍，生於1968年","Male","男性",1968,"","{""en"":""Chinese"",""zh-hant"":""中國籍""}"
539,,"Yang Zhichao","楊志超","Yang, Zhichao","楊, 志超","Individual","Chinese, born 1963","中國籍，生於1963年","Male","男性",1963,"","{""en"":""Chinese"",""zh-hant"":""中國籍""}"
54,,"Palmer & Turner (P&T Group)","巴馬丹拿集團","Palmer & Turner (P&T Group)","巴馬丹拿集團","Organization","established Hong Kong, 1868","1868年成立於香港","Not Applicable","",1868,"","{""en"":""Hong Kong"",""zh-hant"":""香港""}"
541,,"Ye Yongqing","葉永青","Ye, Yongqing","葉, 永青","Individual","Chinese, born 1958","中國籍，生於1958年","Male","男性",1958,"","{""en"":""Chinese"",""zh-hant"":""中國籍""}"
543,,"Rocco Yim","嚴迅奇","Yim, Rocco","嚴, 迅奇","Individual","Hong Kong, born 1952","香港，生於1952年","Male","男性",1952,"","{""en"":""Hong Kong"",""zh-hant"":""香港""}"
545,,"Yin Xiuzhen","尹秀珍","Yin, Xiuzhen","尹, 秀珍","Individual","Chinese, born 1963","中國籍，生於1963年","Female","女性",1963,"","{""en"":""Chinese"",""zh-hant"":""中國籍""}"
546,,"Yin Yanhua","尹雁華","Yin, Yanhua","尹, 雁華","Individual","Chinese, born 1980","中國籍，生於1980年","Male","男性",1980,"","{""en"":""Chinese"",""zh-hant"":""中國籍""}"
547,,"Yin Zhaoyang","尹朝陽","Yin, Zhaoyang","尹, 朝陽","Individual","Chinese, born 1970","中國籍，生於1970年","Male","男性",1970,"","{""en"":""Chinese"",""zh-hant"":""中國籍""}"
551,,"John Young","楊子榮","Young, John","楊子榮","Individual","Australian, born Hong Kong, 1956","澳洲籍，1956年生於香港","Male","男性",1956,"","{""en"":""Australian"",""zh-hant"":""澳洲籍""}"
552,,"Michael Young","邁克爾‧揚","Young, Michael","邁克爾‧揚","Individual","British, born 1966","英國籍，生於1966年","Male","男性",1966,"","{""en"":""British"",""zh-hant"":""英國籍""}"
553,,"Yu Bogong","于伯公","Yu, Bogong","于, 伯公","Individual","Chinese, born 1970","中國籍，生於1970年","Male","男性",1970,"","{""en"":""Chinese"",""zh-hant"":""中國籍""}"
554,,"Yu Fan","於凡","Yu, Fan","於, 凡","Individual","Chinese, born 1966","中國籍，生於1966年","Male","男性",1966,"","{""en"":""Chinese"",""zh-hant"":""中國籍""}"
556,,"Yu Hong","喻紅","Yu, Hong","喻, 紅","Individual","Chinese, born 1966","中國籍，生於1966年","Female","女性",1966,"","{""en"":""Chinese"",""zh-hant"":""中國籍""}"
557,,"Yu Ji","餘極","Yu, Ji","餘, 極","Individual","Chinese, born 1965","中國籍，生於1965年","Male","男性",1965,"","{""en"":""Chinese"",""zh-hant"":""中國籍""}"
559,,"Yu Youhan","余友涵","Yu, Youhan","余友涵","Individual","Chinese, born 1943","中國籍，生於1943年","Male","男性",1943,"","{""en"":""Chinese"",""zh-hant"":""中國籍""}"
56,,"PINWU","品物流形","PINWU","品物流形","Organization","established Hangzhou, 2010","2010年成立於杭州","Not Applicable","",2010,"","{""en"":""Chinese"",""zh-hant"":""中國籍""}"
560,,"Yuan Jai","袁旃","Yuan, Jai","Yuan, Jai","Individual","Taiwanese, born China, 1941","台灣籍，生於1941年","Female","女性",1941,"","{""en"":""Taiwanese"",""zh-hant"":""台灣籍""}"
561,,"Yuan Xiao Fang","袁曉舫","Yuan, Xiao Fang","袁, 曉舫","Individual","Chinese, born 1961","中國籍，生於1961年","Female","女性",1961,"","{""en"":""Chinese"",""zh-hant"":""中國籍""}"
565,,"Yue Minjun","岳敏君","Yue, Minjun","岳敏君","Individual","Chinese, born 1962","中國籍，生於1962年","Male","男性",1962,"","{""en"":""Chinese"",""zh-hant"":""中國籍""}"
567,,"Zeng Fanzhi","曾梵志","Zeng, Fanzhi","曾, 梵志","Individual","Chinese, born 1964","中國籍，生於1964年","Male","男性",1964,"","{""en"":""Chinese"",""zh-hant"":""中國籍""}"
568,,"Zeng Han","曾翰","Zeng, Han","曾, 翰","Individual","Chinese, born 1974","中國籍，生於1974年","Male","男性",1974,"","{""en"":""Chinese"",""zh-hant"":""中國籍""}"
570,,"Zhan Rui","詹蕤","Zhan, Rui","詹, 蕤","Individual","Chinese, born 1980","中國籍，生於1980年","Male","男性",1980,"","{""en"":""Chinese"",""zh-hant"":""中國籍""}"
571,,"Zhan Wang","展望","Zhan, Wang","展, 望","Individual","Chinese, born 1962","中國籍，生於1962年","Male","男性",1962,"","{""en"":""Chinese"",""zh-hant"":""中國籍""}"
573,,"Zhang Bin","張瀕","Zhang, Bin","張, 瀕","Individual","Chinese, born 1974","中國籍，生於1974年","Male","男性",1974,"","{""en"":""Chinese"",""zh-hant"":""中國籍""}"
574,,"Zhang Fan","張帆","Zhang, Fan","張, 帆","Individual","Chinese, born 1975","中國籍，生於1975年","Male","男性",1975,"","{""en"":""Chinese"",""zh-hant"":""中國籍""}"
575,,"Zhang Fazhi","張發志","Zhang, Fazhi","張, 發志","Individual","Chinese, born 1976","中國籍，生於1976年","Male","男性",1976,"","{""en"":""Chinese"",""zh-hant"":""中國籍""}"
576,,"Zhang Hongzan","張洪贊","Zhang, Hongzan","張, 洪贊","Individual","Chinese, born 1944","中國籍，生於1944年","Male","男性",1944,"","{""en"":""Chinese"",""zh-hant"":""中國籍""}"
577,,"Zhang Huan","張洹","Zhang, Huan","張洹","Individual","Chinese, born 1965","中國籍，生於1965年","Male","男性",1965,"","{""en"":""Chinese"",""zh-hant"":""中國籍""}"
578,,"Zhang Jian-Jun","張健君","Zhang, Jianjun","張, 健君","Individual","Chinese, born 1955","中國籍，生於1955年","Male","男性",1955,"","{""en"":""Chinese"",""zh-hant"":""中國籍""}"
581,,"Zhang Lei","張雷","Zhang, Lei","張雷","Individual","Chinese, born 1964","中國籍，生於1964年","Male","男性",1964,"","{""en"":""Chinese"",""zh-hant"":""中國籍""}"
582,,"Zhang Liyu","張利語","Zhang, Liyu","張, 利語","Individual","Chinese, born 1965","中國籍，生於1965年","Male","男性",1965,"","{""en"":""Chinese"",""zh-hant"":""中國籍""}"
583,,"Zhang O","張鷗","Zhang, O","張, 鷗","Individual","Chinese, born 1976","中國籍，生於1976年","Female","女性",1976,"","{""en"":""Chinese"",""zh-hant"":""中國籍""}"
584,,"Zhang Peili","張培力","Zhang, Peili","張, 培力","Individual","Chinese, born 1957","中國籍，生於1957年","Male","男性",1957,"","{""en"":""Chinese"",""zh-hant"":""中國籍""}"
586,,"Zhang Qikai","張奇開","Zhang, Qikai","張, 奇開","Individual","Chinese, born 1950","中國籍，生於1950年","Male","男性",1950,"","{""en"":""Chinese"",""zh-hant"":""中國籍""}"
588,,"Zhang Wei","張偉","Zhang, Wei","張偉","Individual","Chinese, born 1952","中國籍，生於1952年","Male","男性",1952,"","{""en"":""Chinese"",""zh-hant"":""中國籍""}"
590,,"Zhang Xiaogang","張曉剛","Zhang, Xiaogang","張, 曉剛","Individual","Chinese, born 1958","中國籍，生於1958年","Male","男性",1958,"","{""en"":""Chinese"",""zh-hant"":""中國籍""}"
591,,"Zhang Xiaotao","張小濤","Zhang, Xiaotao","張, 小濤","Individual","Chinese, born 1970","中國籍，生於1970年","Male","男性",1970,"","{""en"":""Chinese"",""zh-hant"":""中國籍""}"
594,,"Zhao Bandi","趙半狄","Zhao, Bandi","趙, 半狄","Individual","Chinese, born 1966","中國籍，生於1966年","Male","男性",1966,"","{""en"":""Chinese"",""zh-hant"":""中國籍""}"
597,,"Zhao Nenzhi","趙能智","Zhao, Nenzhi","趙, 能智","Individual","Chinese, born 1968","中國籍，生於1968年","Male","男性",1968,"","{""en"":""Chinese"",""zh-hant"":""中國籍""}"
60,,"Rocco Design Architects Ltd.","許李嚴建築師事務有限公司","Rocco Design Architects Ltd.","許李嚴建築師事務有限公司","Organization","established Hong Kong, 1982","1982年成立於香港","Not Applicable","",1982,"","{""en"":""Hong Kong"",""zh-hant"":""香港""}"
601,,"Zhao Zhao","趙趙","Zhao, Zhao","趙, 趙","Individual","Chinese, born 1982","中國籍，生於1982年","Male","男性",1982,"","{""en"":""Chinese"",""zh-hant"":""中國籍""}"
603,,"Zheng Guogu","鄭國谷","Zheng, Guogu","鄭國谷","Individual","Chinese, born 1970","中國籍，生於1970年","Male","男性",1970,"","{""en"":""Chinese"",""zh-hant"":""中國籍""}"
607,,"Zhou Tao","周滔","Zhou, Tao","周, 滔","Individual","Chinese, born 1976","中國籍，生於1976年","Male","男性",1976,"","{""en"":""Chinese"",""zh-hant"":""中國籍""}"
608,,"Zhou Tiehai","周鐵海‎","Zhou, Tiehai","周, 鐵海‎","Individual","Chinese, born 1966","中國籍，生於1966年","Male","男性",1966,"","{""en"":""Chinese"",""zh-hant"":""中國籍""}"
609,,"Zhou Xiaohu","周嘯虎","Zhou, Xiaohu","周, 嘯虎","Individual","Chinese, born 1960","中國籍，生於1960年","Male","男性",1960,"","{""en"":""Chinese"",""zh-hant"":""中國籍""}"
610,,"Zhou Yilun","周軼倫","Zhou, Yilun","周, 軼倫","Individual","Chinese, born 1983","中國籍，生於1983年","Male","男性",1983,"","{""en"":""Chinese"",""zh-hant"":""中國籍""}"
612,,"Zhu Fadong","朱發東","Zhu, Fadong","朱, 發東","Individual","Chinese, born 1960","中國籍，生於1960年","Male","男性",1960,"","{""en"":""Chinese"",""zh-hant"":""中國籍""}"
613,,"Zhu Jia","朱加","Zhu, Jia","朱加","Individual","Chinese, born 1963","中國籍，生於1963年","Male","男性",1963,"","{""en"":""Chinese"",""zh-hant"":""中國籍""}"
615,,"Zhu Wei","朱偉","Zhu, Wei","朱, 偉","Individual","Chinese, born 1966","中國籍，生於1966年","Male","男性",1966,"","{""en"":""Chinese"",""zh-hant"":""中國籍""}"
616,,"Zhu Weibing","","Zhu, Weibing","","Individual","Chinese, born 1971","中國籍，生於1971年","Female","女性",1971,"","{""en"":""Chinese"",""zh-hant"":""中國籍""}"
619,,"Zhuang Hui","莊輝","Zhuang, Hui","莊, 輝","Individual","Chinese, born 1963","中國籍，生於1963年","Male","男性",1963,"","{""en"":""Chinese"",""zh-hant"":""中國籍""}"
63,,"Simon Kwan & Associates Limited","關善明建築師事務所","Simon Kwan & Associates Limited","關善明建築師事務所","Organization","established Hong Kong, 1973","1973年成立於香港","Not Applicable","",1973,"","{""en"":""Hong Kong"",""zh-hant"":""香港""}"
66,,"Sou Fujimoto Architects","藤本壯介建築設計事務所","Sou Fujimoto Architects","藤本壯介建築設計事務所","Organization","established Tokyo, 2000","2000年成立於東京","Not Applicable","",2000,"","{""en"":""Japanese"",""zh-hant"":""日本籍""}"
660,,"Ho Fan","何藩","Fan, Ho","何藩","Individual","Hong Kong, born China. 1931–2016","香港，生於中國，1931–2016年","Male","男性",1931,"","{""en"":""Hong Kong"",""zh-hant"":""香港""}"
670,,"Kuramata Design Office","梅田設計工作室","Kuramata Design Office","梅田設計工作室","Organization","established Tokyo, 1965","1965年成立於東京","Not Applicable","",1965,"","{""en"":""Japanese"",""zh-hant"":""日本籍""}"
68,,"Star Industrial Co., Ltd.","星光實業有限公司","Star Industrial Co., Ltd.","星光實業有限公司","Organization","established Hong Kong, 1949","1949年成立於香港","Not Applicable","",1949,"","{""en"":""Hong Kong"",""zh-hant"":""香港""}"
69,,"Steven Holl Architects","斯蒂文·霍爾建築事務所","Steven Holl Architects","斯蒂文·霍爾建築事務所","Organization","established New York, 1976","1976年成立於紐約","Not Applicable","",1976,"","{""en"":""American"",""zh-hant"":""美國籍""}"
70,,"Studio Pei-Zhu","朱錇建築設計事務所","Studio Pei-Zhu","朱錇建築設計事務所","Organization","established Beijing, 2005","2005年成立於北京","Not Applicable","",2005,"","{""en"":""Chinese"",""zh-hant"":""中國籍""}"
74,,"Taoho Design","何弢設計","Taoho Design","何弢設計","Organization","established Hong Kong, 1968","1968年成立於香港","Not Applicable","",1968,"","{""en"":""Hong Kong"",""zh-hant"":""香港""}"
78,,"Troika","","Troika","","Organization","established London, 2003","2003年成立於倫敦","Not Applicable","",2003,"","{""en"":""British"",""zh-hant"":""英國籍""}"
80,,"Urbanus","都市實踐","Urbanus","都市實踐","Organization","established Shenzhen, 1999","1999年成立於深圳","Not Applicable","",1999,"","{""en"":""Chinese"",""zh-hant"":""中國籍""}"
814,,"Alan Fitch","","Fitch, Alan","","Individual","British, 1921–1986","生於英國，1921–1986年","Male","男性",1921,"","{""en"":""British"",""zh-hant"":""英國籍""}"
815,,"Isamu Noguchi","野口勇","Noguchi, Isamu","野口勇","Individual","American, 1904–1988","美國籍，1904–1988年","Male","男性",1904,"","{""en"":""American"",""zh-hant"":""美國籍""}"
819,,"Enokura Koji","榎倉康二","Koji, Enokura","榎倉康二","Individual","Japanese, 1942–1995","日本籍，1942–1995年","Male","男性",1942,"","{""en"":""Japanese"",""zh-hant"":""日本籍""}"
821,,"Charlotte Perriand","夏洛特·佩里安","Perriand, Charlotte","夏洛特·佩里安","Individual","French, 1903–1999","法國籍，1903–1999年","Female","女性",1903,"","{""en"":""French"",""zh-hant"":""法國籍""}"
823,,"Ettore Sottsass","埃托雷‧索特薩斯","Sottsass, Ettore","埃托雷‧索特薩斯","Individual","Italian, born Austria. 1917–2007","意大利籍，生於奧地利，1917–2007年","Male","男性",1917,"","{""en"":""Italian"",""zh-hant"":""意大利籍""}"
824,,"Jerry Kwan","關晃","Kwan, Jerry","關,晃","Individual","Hong Kong, 1934–2008","香港，生於中國，1934–2008年","Male","男性",1934,"","{""en"":""Hong Kong"",""zh-hant"":""香港""}"
832,,"Yayoi Kusama","草間彌生","Kusama, Yayoi","草間彌生","Individual","Japanese, born 1929","日本籍，生於1929年","Female","女性",1929,"","{""en"":""Japanese"",""zh-hant"":""日本籍""}"
843,,"Heri Dono","赫里·多诺","Dono, Heri","赫里·多诺","Individual","Indonesian, born 1960","印尼籍，生於1960年","Male","男性",1960,"","{""en"":""Indonesian"",""zh-hant"":""印尼籍""}"
846,,"WORK PTE LTD","","WORK PTE LTD","","Organization","established Singapore, 1997","1997年成立於新加坡","Not Applicable","",1997,"","{""en"":""Singaporean"",""zh-hant"":""新加坡籍""}"
849,,"Sopheap Pich","索皮·比","Pich, Sopheap","索皮·比","Individual","Cambodian, born 1971","柬埔寨籍，生於1971年","Male","男性",1971,"","{""en"":""Cambodian"",""zh-hant"":""柬埔寨籍""}"
850,,"Ming Wong","黃漢明","Wong, Ming","黃漢明","Individual","Singaporean, born 1971","新加坡籍，生於1971年","Male","男性",1971,"","{""en"":""Singaporean"",""zh-hant"":""新加坡籍""}"
851,,"Aisha Khalid","","Khalid, Aisha","","Individual","Pakistani, born 1972","巴基斯坦籍，生於1972年","Female","女性",1972,"","{""en"":""Pakistani"",""zh-hant"":""巴基斯坦籍""}"
853,,"Paul Chan","陳佩之","Chan, Paul","陳佩之","Individual","American, born Hong Kong, 1973","美國籍，1973年生於香港","Male","男性",1973,"","{""en"":""American"",""zh-hant"":""美國籍""}"
854,,"Koon Wai Bong","管偉邦","Koon, Wai Bong","管偉邦","Individual","Hong Kong, born 1974","香港，生於1974年","Male","男性",1974,"","{""en"":""Hong Kong"",""zh-hant"":""香港""}"
858,,"Hans Tan","陳彥翰","Tan, Hans","陳彥翰","Individual","Singaporean, born 1980","新加坡籍，生於1980年","Male","男性",1980,"","{""en"":""Singaporean"",""zh-hant"":""新加坡籍""}"
868,,"Vo Trong Nghia Architects","武重義建築事務所","Vo Trong Nghia Architects","武重義建築事務所","Organization","established Ho Chi Minh City, 2006","2006年成立於胡志明市","Not Applicable","",2006,"","{""en"":""Vietnamese"",""zh-hant"":""越南籍""}"
869,,"WOHA","WOHA建築事務所","WOHA","WOHA建築事務所","Organization","established Singapore, 1994","1994年成立於新加坡","Not Applicable","",1994,"","{""en"":""Singaporean"",""zh-hant"":""新加坡籍""}"
903,,"Charles Lim","林育榮","Lim, Charles","林,育榮","Individual","Singaporean, born 1973","新加坡籍，生於1973年","Male","男性",1973,"","{""en"":""Singaporean"",""zh-hant"":""新加坡籍""}"
904,,"Ishimoto Yasuhiro","石元泰博","Ishimoto, Yasuhiro","石元泰博","Individual","Japanese, born United States. 1921–2012","美國籍，生於美國，1921–2012年","Male","男性",1921,"","{""en"":""American"",""zh-hant"":""美國籍""}"
905,,"Hsiao Chin","蕭勤","Hsiao, Chin","蕭勤","Individual","Taiwanese, born China, 1935","意大利籍，1935年生於中國上海","Male","男性",1935,"","{""en"":""Taiwanese"",""zh-hant"":""台灣籍""}"
912,,"Anzai Shigeo","安斎重男","Anzai, Shigeo","安斎重男","Individual","Japanese, born 1939","日本籍，生於1939年","Male","男性",1939,"","{""en"":""Japanese"",""zh-hant"":""日本籍""}"
920,,"Ha Chong-Hyun","河鍾賢","Ha, Chong-Hyun","河鍾賢","Individual","Korean, born 1935","韓國籍，生於1935年","Male","男性",1935,"","{""en"":""South Korean"",""zh-hant"":""南韓籍""}"
921,,"Hung Fai","熊輝","Hung, Fai","Hung Fai","Individual","Hong Kong, born 1988","香港，生於1988年","Male","男性",1988,"","{""en"":""Hong Kong"",""zh-hant"":""香港""}"
922,,"Kim Guiline","金麒麟","Guiline, Kim","金麒麟","Individual","Korean, born 1936","韓國籍，生於1936年","Male","男性",1936,"","{""en"":""South Korean"",""zh-hant"":""南韓籍""}"
923,,"Lee Ufan","李禹煥","Lee, Ufan","李禹煥","Individual","Korean, born 1936","韓國籍，生於1936年","Male","男性",1936,"","{""en"":""South Korean"",""zh-hant"":""南韓籍""}"
926,,"Park Seo-Bo","朴栖甫","Park, Seo-Bo","朴栖甫","Individual","Korean, born 1931","韓國籍，生於1931年","Male","男性",1931,"","{""en"":""South Korean"",""zh-hant"":""南韓籍""}"
927,,"Qiu Deshu","邱德樹","Qiu, Deshu","邱德樹","Individual","Chinese, born 1948","中國籍，生於1948年","Male","男性",1948,"","{""en"":""Chinese"",""zh-hant"":""中國籍""}"
953,,"Zheng Chongbin","鄭重賓","Zheng, Chongbin","鄭重賓","Individual","American, born China, 1961","美國籍，1961年生於中國","Male","男性",1961,"","{""en"":""American"",""zh-hant"":""美國籍""}"
96,,"Yangjiang Group","陽江組","Yangjiang Group","陽江組","Artist Collaborative","established Yangjiang, 2002","2002年成立於陽江","Not Applicable","",2002,"","{""en"":""Chinese"",""zh-hant"":""中國籍""}"
963,,"Le Corbusier","勒·柯比意","Le Corbusier","勒·柯比意","Individual","French, born Switzerland. 1887–1965","法國籍，生於瑞士，1887–1965年","Male","男性",1887,"","{""en"":""French"",""zh-hant"":""法國籍""}"
964,,"Werner Bischof","沃納．比朔夫","Bischof, Werner","沃納．比朔夫","Individual","Swiss, 1916–1954","瑞士籍，1916–1954年","Male","男性",1916,"","{""en"":""Swiss"",""zh-hant"":""瑞士籍""}"
966,,"Marc Riboud","馬克·呂布","Riboud, Marc","馬克·呂布","Individual","French, 1923–2016","法國籍，1923–2016年","Male","男性",1923,"","{""en"":""French"",""zh-hant"":""法國籍""}"
97,,"Ai Weiwei","艾未未","Ai Wei Wei","艾, 未未","Individual","Chinese, born 1957","中國籍，生於1957年","Male","男性",1957,"","{""en"":""Chinese"",""zh-hant"":""中國籍""}"
974,,"Simryn Gill","西蒙瑞·吉爾","Gill, Simryn","西蒙瑞·吉爾","Individual","Singaporean, born 1959","新加坡籍，生於1959年","Female","女性",1959,"","{""en"":""Singaporean"",""zh-hant"":""新加坡籍""}"
98,,"An Ge","安哥","An, Ge","安, 哥","Individual","Chinese, born 1947","中國籍，生於1947年","Male","男性",1947,"","{""en"":""Chinese"",""zh-hant"":""中國籍""}"
980,,"Isaac Julien","艾薩克．朱利安","Julien, Isaac","艾薩克．朱利安","Individual","British, born 1960","英國籍，生於1960年","Male","男性",1960,"","{""en"":""British"",""zh-hant"":""英國籍""}"
982,,"Midi Z","趙德胤","Midi Z","趙德胤","Individual","Taiwanese, born Myanmar, 1982","台灣籍，1982年生於緬甸","Male","男性",1982,"","{""en"":""Taiwanese"",""zh-hant"":""台灣籍""}"
983,,"Yuan Goang-Ming","袁廣鳴","Yuan, Goang-Ming","袁,廣鳴","Individual","Taiwanese, born 1965","台灣籍，生於1965年","Male","男性",1965,"","{""en"":""Taiwanese"",""zh-hant"":""台灣籍""}"
99,,"An Hong","安宏","An, Hong","安, 宏","Individual","Chinese, born 1965","中國籍，生於1965年","Male","男性",1965,"","{""en"":""Chinese"",""zh-hant"":""中國籍""}"
1031,,"Tanaami Keiichi","田名網敬一","Tanaami, Keiichi","田名網敬一","Individual","Japanese, born 1936","日本籍，生於1936年","Male","男性",1936,"","{""en"":""Japanese"",""zh-hant"":""日本籍""}"
1033,,"Tendo Co., Ltd.","株式會社 天童木工","Tendo Co., Ltd.","株式會社 天童木工","Organization","established Tendo, 1940","1940年成立於天童","Not Applicable","",1940,"","{""en"":""Japanese"",""zh-hant"":""日本籍""}"
1044,,"Trevor Yeung","楊沛鏗","Yeung, Trevor","楊沛鏗","Individual","Hong Kong, born China, 1988","香港，1988年生於中國","Male","男性",1988,"","{""en"":""Hong Kong"",""zh-hant"":""香港""}"
1062,,"Ma Kelu","馬克鲁","Ma, Kelu","馬, 克鲁","Individual","Chinese, born 1954","中國籍，生於1954年","Male","男性",1954,"","{""en"":""Chinese"",""zh-hant"":""中國籍""}"
1077,,"Fong Chung-Ray","馮鍾睿","Fong, Chung-Ray","Fong, Chung-Ray","Individual","American, born China, 1934","美國籍，1934年生於中國","Male","男性",1934,"","{""en"":""American"",""zh-hant"":""美國籍""}"
1094,,"Hu Chi-chung","胡奇中","Hu, Chi-chung","Hu, Chi-chung","Individual","American, born China. 1927–2012","美國籍，生於中國，1927–2012年","Male","男性",1927,"","{""en"":""American"",""zh-hant"":""美國籍""}"
1097,,"Han Hsiang-ning","韓湘寧","Han, Hsiang-ning","Han, Hsiang-ning","Individual","American, born China, 1939","美國籍，1939年生於中國","Male","男性",1939,"","{""en"":""American"",""zh-hant"":""美國籍""}"
1098,,"Ku Fu-sheng","顧福生","Ku, Fu-sheng","顧福生","Individual","American, born China. 1935–2017","美國籍，生於中國，1935–2017年","Male","男性",1935,"","{""en"":""American"",""zh-hant"":""美國籍""}"
1099,,"Terada Tekkojo, Ltd.","","Terada Tekkojo, Ltd.","","Organization","established Japan, 20th century","20世紀成立於日本","Not Applicable","",1900,"","{""en"":""Japanese"",""zh-hant"":""日本籍""}"
1101,,"Kidokoro Ubunji","城所右文次","Kidokoro, Ubunji","城所右文次","Individual","Japanese, 1910–1945","日本籍，1910–1945年","Male","男性",1910,"","{""en"":""Japanese"",""zh-hant"":""日本籍""}"
1103,,"Balkrishna Vithaldas Doshi","巴克里希納·維塔爾達斯·多希","Doshi, Balkrishna Vithaldas","巴克里希納·維塔爾達斯·多希","Individual","Indian, born 1927","印度籍，生於1927年","Male","男性",1927,"","{""en"":""Indian"",""zh-hant"":""印度籍""}"
1110,,"Lucien Hervé","呂西安・埃爾韋","Hervé, Lucien","呂西安・埃爾韋","Individual","French, born Hungary. 1910–2007","法國籍，生於匈牙利，1910–2007年","Male","男性",1910,"","{""en"":""French"",""zh-hant"":""法國籍""}"
1112,,"Pierre Jeanneret","皮耶‧江耐瑞","Jeanneret, Pierre","江耐瑞, 皮耶","Individual","Swiss, 1896–1967","瑞士籍，1896–1967年","Male","男性",1896,"","{""en"":""Swiss"",""zh-hant"":""瑞士籍""}"
1119,,"Joana Preiss","","Preiss, Joana","","Individual","French, born 1972","法國籍，生於1972年","Female","女性",1972,"","{""en"":""French"",""zh-hant"":""法國籍""}"
1124,,"Steven Holl","","Holl, Steven","","Individual","American, born 1947","美國籍，生於1947年","Male","男性",1947,"","{""en"":""American"",""zh-hant"":""美國籍""}"
1142,,"Kai Kee Mahjong","雞記麻雀耍樂","Kai Kee Mahjong","雞記麻雀耍樂","Organization","established Hong Kong, 1933","1933年成立於香港","Not Applicable","",1933,"","{""en"":""Hong Kong"",""zh-hant"":""香港""}"
1151,,"Nobuyoshi Araki","荒木經惟","Araki, Nobuyoshi","荒木經惟","Individual","Japanese, born 1940","日本籍，生於1940年","Male","男性",1940,"","{""en"":""Japanese"",""zh-hant"":""日本籍""}"
1152,,"Ishimaru Co. Ltd.","","Ishimaru Co. Ltd.","","Organization","established Tokyo, 1969","1969年成立於東京","Not Applicable","",1969,"","{""en"":""Japanese"",""zh-hant"":""日本籍""}"
1156,,"Nishimura Tamiko","西村多美子","Tamiko, Nishimura","西村多美子","Individual","Japanese, born 1949","日本籍，生於1949年","Female","女性",1949,"","{""en"":""Japanese"",""zh-hant"":""日本籍""}"
1159,,"Hsu Yu-Jen","許雨仁","Hsu, Yu-Jen","許雨仁","Individual","Taiwanese, born 1951","台灣籍，生於1951年","Male","男性",1951,"","{""en"":""Taiwanese"",""zh-hant"":""台灣籍""}"
1161,,"Cheng Wei Kuong","","Cheng, Wei Kuong","","Individual","","","Male","男性","","",""
1162,,"Umeda Masanori","梅田正德","Umeda, Masanori","梅田正德","Individual","Japanese, born 1941","1941年生於日本","Male","男性",1941,"","{""en"":""Japanese"",""zh-hant"":""日本籍""}"
1169,,"Memphis S.r.l.","","Memphis S.r.l.","","Organization","established Milan, 1981","1981年成立於米蘭","Not Applicable","",1981,"","{""en"":""Italian"",""zh-hant"":""意大利籍""}"
1172,,"Umeda Design Studio Inc.","","Umeda Design Studio Inc.","","Organization","established Tokyo, 1980","1980年成立於東京","Not Applicable","",1980,"","{""en"":""Japanese"",""zh-hant"":""日本籍""}"
1183,,"Zenith Radio Corporation","","Zenith Radio Corporation","","Organization","established Chicago, 1918","1918年成立於芝加哥","Not Applicable","",1918,"","{""en"":""American"",""zh-hant"":""美國籍""}"
1191,,"Chiba Masaya","千葉正也","Chiba, Masaya","千葉, 正也","Individual","Japanese, born 1980","日本籍，生於1980年","Male","男性",1980,"","{""en"":""Japanese"",""zh-hant"":""日本籍""}"
1217,,"Zhang Hui","張慧","Zhang, Hui","張慧","Individual","Chinese, born 1967","中國籍，生於1967年","Male","男性",1967,"","{""en"":""Chinese"",""zh-hant"":""中國籍""}"
1242,,"Antonio Mak","麥顯揚","Mak, Antonio","麥顯揚","Individual","Hong Kong, 1951–1994","香港，1951–1994年","Male","男性",1951,"","{""en"":""Hong Kong"",""zh-hant"":""香港""}"
1300,,"Shinetsu Glass, Ltd.","","Shinetsu Glass, Ltd.","","Organization","","","Not Applicable","","","",""
1302,,"Theseus Chan","陳益","Chan, Theseus","陳益","Individual","Singaporean, born 1961","新加坡籍，生於1961年","Male","男性",1961,"","{""en"":""Singaporean"",""zh-hant"":""新加坡籍""}"
1318,,"Chi Xiaoning","池小寧","Chi, Xiaoning","池小寧","Individual","Chinese, 1955–2007","中國籍，1955–2007年","Male","男性",1955,"","{""en"":""Chinese"",""zh-hant"":""中國籍""}"
1323,,"Elia Zenghelis","","Zenghelis, Elia","","Individual","British, born Greece, 1937","英籍，1937年生於希臘","Male","男性",1937,"","{""en"":""British"",""zh-hant"":""英國籍""}"
1348,,"W. Szeto & Partners","司徒惠建築師事務所","W. Szeto & Partners","司徒惠建築師事務所","Organization","established Hong Kong, 1948–1998","1948–1998年，於香港成立","Not Applicable","",1948,"","{""en"":""Hong Kong"",""zh-hant"":""香港""}"
1360,,"Lee Ka-sing","李家昇","Lee, Ka-sing","李家昇","Individual","Hong Kong, born 1954","香港，生於1954年","Male","男性",1954,"","{""en"":""Hong Kong"",""zh-hant"":""香港""}"
1364,,"Ken Yeang","","Yeang, Ken","","Individual","Malaysian, born 1948","馬來西亞籍，生於1948年","Male","男性",1948,"","{""en"":""Malaysian"",""zh-hant"":""馬來西亞籍""}"
1369,,"Yeung Tong Lung","楊東龍","Yeung, Tong Lung","楊東龍","Individual","Hong Kong, born China, 1956","香港，1956年生於中國","Male","男性",1956,"","{""en"":""Hong Kong"",""zh-hant"":""香港""}"
1371,,"T. R. Hamzah & Yeang Sdn. Bhd.","T. R. Hamzah & Yeang建築事務所","T. R. Hamzah & Yeang Sdn. Bhd.","T. R. Hamzah & Yeang建築事務所","Organization","established Kuala Lumpur, 1976","1976年成立於吉隆坡","Not Applicable","",1976,"","{""en"":""Malaysian"",""zh-hant"":""馬來西亞籍""}"
1372,,"Revital Cohen","","Cohen, Revital","","Individual","Israeli, born 1981","以色列籍，生於1981年","Female","女性",1981,"","{""en"":""Israeli"",""zh-hant"":""以色列籍""}"
1373,,"Tuur Van Balen","","Van Balen, Tuur","","Individual","Belgian, born 1981","比利時籍，生於1981年","Male","男性",1981,"","{""en"":""Belgian"",""zh-hant"":""比利時籍""}"
1378,,"Li Huayi","李華弌","Li, Huayi","李華弌","Individual","American, born China, 1948","美國籍，1948年生於中國","Male","男性",1948,"","{""en"":""American"",""zh-hant"":""美國籍""}"
1392,,"Oki Sato","","Oki, Sato","","Individual","Japanese, born Canada, 1977","日本籍，1977年生於加拿大","Unknown","不詳",1977,"","{""en"":""Japanese"",""zh-hant"":""日本籍""}"
1393,,"Zoe Zenghelis","","Zenghelis, Zoe","","Individual","British, born Greece, 1937","英國籍，1937年生於希臘","Female","女性",1937,"","{""en"":""British"",""zh-hant"":""英國籍""}"
1424,,"Mitsukoshi Ltd.","株式會社三越","Mitsukoshi Ltd.","株式會社三越","Organization","established Tokyo, 1673","1673年成立於東京","Not Applicable","",1673,"","{""en"":""Japanese"",""zh-hant"":""日本籍""}"
1425,,"Chikukousya","","Chikukousya","","Organization","","","Not Applicable","","","",""
1428,,"Yanagi Sori","柳宗理","Yanagi, Sori","柳宗理","Individual","Japanese, 1915–2011","日本籍，1915–2011年","Male","男性",1915,"","{""en"":""Japanese"",""zh-hant"":""日本籍""}"
1430,,"Kenmochi Isamu","劍持勇","Kenmochi, Isamu","劍持勇","Individual","Japanese, 1912–1971","日本籍，1912–1971年","Male","男性",1912,"","{""en"":""Japanese"",""zh-hant"":""日本籍""}"
1440,,"Takashimaya Co., Ltd.","株式會社髙島屋","Takashimaya Co., Ltd.","株式會社髙島屋","Organization","established Kyoto, 1831","1831年成立於京都","Not Applicable","",1831,"","{""en"":""Japanese"",""zh-hant"":""日本籍""}"
1445,,"Young Hay","楊曦","Young, Hay","楊曦","Individual","Hong Kong, born 1963","香港，生於1963年","Male","男性",1963,"","{""en"":""Hong Kong"",""zh-hant"":""香港""}"
1459,,"Leung Chi Wo","梁志和","Leung, Chi Wo","梁志和","Individual","Hong Kong, born 1968","香港，生於1968年","Male","男性",1968,"","{""en"":""Hong Kong"",""zh-hant"":""香港""}"
1479,,"DJI","大疆","DJI","大疆","Organization","established Shenzhen, 2006","2006年成立於深圳","Not Applicable","",2006,"","{""en"":""Chinese"",""zh-hant"":""中國籍""}"
1483,,"Boyoung Jung","鄭普榮／WOLFS＋JUNG","Jung, Boyoung","鄭普榮／WOLFS＋JUNG","Individual","Korean, born 1978","韓國籍，生於1978年","Unknown","不詳",1978,"","{""en"":""South Korean"",""zh-hant"":""南韓籍""}"
1485,,"Uchida Shigeru","內田繁","Uchida, Shigeru","內田繁","Individual","Japanese, 1943–2016","日本籍，1943–2016年","Male","男性",1943,"","{""en"":""Japanese"",""zh-hant"":""日本籍""}"
1494,,"Szeto Keung","司徒強","Szeto, Keung","司徒強","Individual","American, born China. 1948 - 2011","美國籍，生於中國，1948–2011年","Male","男性",1948,"","{""en"":""American"",""zh-hant"":""美國籍""}"
1495,,"Li Shan","李山","Li, Shan","李山","Individual","Chinese, born 1957","中國籍，生於1957年","Female","女性",1957,"","{""en"":""Chinese"",""zh-hant"":""中國籍""}"
1503,,"Walasse Ting","丁雄泉","Ting, Walasse","Ting, Walasse","Individual","American, 1929–2010","美國籍，1929–2010年","Male","男性",1929,"","{""en"":""American"",""zh-hant"":""美國籍""}"
1507,,"Hon Chi-fun","韓志勳","Hon, Chi-fun","韓志勳","Individual","Hong Kong, born 1922","香港，生於1922年","Male","男性",1922,"","{""en"":""Hong Kong"",""zh-hant"":""香港""}"
1519,,"Kowloon Rattan Ware Co.","九龍籐器公司","Kowloon Rattan Ware Co.","九龍籐器公司","Organization","established Hong Kong, 1925–2003","成立於香港，1925至2003年","Not Applicable","",1925,"","{""en"":""Hong Kong"",""zh-hant"":""香港""}"
1521,,"Kin Hip Metal & Plastic Fty. Ltd.","建業五金塑膠廠有限公司","Kin Hip Metal & Plastic Fty. Ltd.","建業五金塑膠廠有限公司","Organization","established Hong Kong, 1949","1949年成立於香港","Not Applicable","",1949,"","{""en"":""Hong Kong"",""zh-hant"":""香港""}"
1526,,"Zhao Gang","趙剛","Zhao, Gang","趙, 剛","Individual","Chinese, born 1961","中國籍，生於1961年","Male","男性",1961,"","{""en"":""Chinese"",""zh-hant"":""中國籍""}"
1529,,"Unknown (Hong Kong)","佚名 (香港)","Unknown (Hong Kong)","佚名 (香港)","Individual","","","Unknown","不詳","","",""
1530,,"Unknown (Mainland China)","佚名 (中國內地)","Unknown (Mainland China)","佚名 (中國內地)","Individual","","","Unknown","不詳","","",""
1534,,"Unknown (Europe)","佚名（歐洲）","Unknown (Europe)","佚名（歐洲）","Individual","","","Unknown","不詳","","",""
1536,,"Music Impact Ltd.","藝能動音有限公司","Music Impact Ltd.","藝能動音有限公司","Organization","established Hong Kong, 1992–2009","成立於香港，1990–2009年","Not Applicable","",1992,"","{""en"":""Hong Kong"",""zh-hant"":""香港""}"
1537,,"Tong King-sum","唐景森","Tong, King-sum","唐景森","Individual","Hong Kong, 1940–2008","香港，1940–2008年","Male","男性",1940,"","{""en"":""Hong Kong"",""zh-hant"":""香港""}"
1574,,"Jasper Morrison","賈斯珀·莫里森","Morrison, Jasper","賈斯珀·莫里森","Individual","British, born 1959","英國籍，生於1959年","Male","男性",1959,"","{""en"":""British"",""zh-hant"":""英國籍""}"
1599,,"Chen Jialing","陳家泠","Chen, Jialing","陳家泠","Individual","Chinese, born 1937","中國籍，生於1937年","Male","男性",1937,"","{""en"":""Chinese"",""zh-hant"":""中國籍""}"
1600,,"Sony Corporation","索尼集團","Sony Corporation","索尼集團","Organization","established Tokyo, 1946","1946年成立於東京","Not Applicable","",1946,"","{""en"":""Japanese"",""zh-hant"":""日本籍""}"
1601,,"Sorayama Hajime","空山基","Sorayama, Hajime","空山基","Individual","Japanese, born 1947","日本籍，生於1947年","Male","男性",1947,"","{""en"":""Japanese"",""zh-hant"":""日本籍""}"
1624,,"Tong Yang-Tze","董陽孜","Tong, Yang-Tze","董, 陽孜","Individual","Taiwanese, born China, 1942","台灣籍，1942年生於中國","Female","女性",1942,"","{""en"":""Taiwanese"",""zh-hant"":""台灣籍""}"
1625,,"Lai Lon Hin","賴朗騫","Lai, Lon Hin","賴朗騫","Individual","Hong Kong, born 1982","香港，生於1982年","Male","男性",1982,"","{""en"":""Hong Kong"",""zh-hant"":""香港""}"
1627,,"Blues Wong","黃啟裕","Wong, Blues","黃啟裕","Individual","Hong Kong, born 1966","香港，生於1966年","Male","男性",1966,"","{""en"":""Hong Kong"",""zh-hant"":""香港""}"
1632,,"Morita Shiryū","森田子龍","Morita, Shiryū","森田子龍","Individual","Japanese, 1912–1998","日本籍，1912–1998年","Male","男性",1912,"","{""en"":""Japanese"",""zh-hant"":""日本籍""}"
1633,,"Liu Kuo-sung","劉國松","Liu, Kuo-sung","劉國松","Individual","Taiwanese, born China, 1932","台灣籍，1932年生於中國","Male","男性",1932,"","{""en"":""Taiwanese"",""zh-hant"":""台灣籍""}"
1638,,"Hidai Nankoku","比田井南谷","Hidai, Nankoku","比田井南谷","Individual","Japanese, 1912–1999","日本籍，1912–1999年","Male","男性",1912,"","{""en"":""Japanese"",""zh-hant"":""日本籍""}"
1643,,"Doi Toshitada","土井利忠","Doi, Toshitada","土井利忠","Individual","Japanese, born 1942","日本籍，生於1942年","Male","男性",1942,"","{""en"":""Japanese"",""zh-hant"":""日本籍""}"
1650,,"Li Naihan","李鼐含","Li, Naihan","李鼐含","Individual","Chinese, born 1981","中國籍，生於1981年","Female","女性",1981,"","{""en"":""Chinese"",""zh-hant"":""中國籍""}"
1655,,"Zheng Tongxiao","鄭通校","Zheng, Tongxiao","鄭通校","Individual","Chinese, born 1930","中國籍，生於1930年","Male","男性",1930,"","{""en"":""Chinese"",""zh-hant"":""中國籍""}"
1656,,"Bao Peizhong","鮑培忠","Bao, Peizhong","鮑培忠","Individual","Chinese, born 1929","中國籍，生於1929年","Male","男性",1929,"","{""en"":""Chinese"",""zh-hant"":""中國籍""}"
1658,,"TAKT PROJECT Inc.","","TAKT PROJECT Inc.","","Artist Collaborative","established Tokyo, 2011","2011年於東京成立","Not Applicable","",2011,"","{""en"":""Japanese"",""zh-hant"":""日本籍""}"
1660,,"Jo Nagasaka","長阪常","Nagasaka, Jo","長阪常","Individual","Japanese, born 1971","日本籍，生於1971年","Male","男性",1971,"","{""en"":""Japanese"",""zh-hant"":""日本籍""}"
1667,,"Krishna Reddy","克里希納·雷迪","Reddy, Krishna","克里希納·雷迪","Individual","Indian, 1925 - 2018","印度籍，1925–2018年","Male","男性",1925,"","{""en"":""Indian"",""zh-hant"":""印度籍""}"
1670,,"Xin Liliang","忻禮良","Xin, Liliang","忻禮良","Individual","Chinese, 1913–after 1980s","生於中國，1913年至1980年代後","Male","男性",1913,"","{""en"":""Chinese"",""zh-hant"":""中國籍""}"
1671,,"Shanghai People's Fine Arts Publishing House","上海人民美術出版社","Shanghai People's Fine Arts Publishing House","上海人民美術出版社","Organization","established Shanghai, 1952","1952年成立於上海","Not Applicable","",1952,"","{""en"":""Chinese"",""zh-hant"":""中國籍""}"
1672,,"Zhang Longji","張隆基","Zhang, Longji","張, 隆基","Individual","Chinese, 1929–2007","中國籍，1929–2007年","Male","男性",1929,"","{""en"":""Chinese"",""zh-hant"":""中國籍""}"
1674,,"Zhang Yongdian","張永典","Zhang, Yongdian","張永典","Individual","Chinese, born 1948","中國籍，生於1948年","Male","男性",1948,"","{""en"":""Chinese"",""zh-hant"":""中國籍""}"
1675,,"People's Fine Arts Publishing House","人民美術出版社","People's Fine Arts Publishing House","人民美術出版社","Organization","established Beijing, 1951","1951年於北京成立","Not Applicable","",1951,"","{""en"":""Chinese"",""zh-hant"":""中國籍""}"
1679,,"Liang Quan","梁銓","Liang, Quan","梁, 銓","Individual","Chinese, born 1948","中國籍，生於1948年","Male","男性",1948,"","{""en"":""Chinese"",""zh-hant"":""中國籍""}"
1681,,"Lei Xu","徐累","Xu, Lei","徐累","Individual","Chinese, born 1963","中國籍，生於1963年","Male","男性",1963,"","{""en"":""Chinese"",""zh-hant"":""中國籍""}"
1687,,"Hao Zhenhan","郝振瀚","Hao, Zhenhan","郝振瀚","Individual","Chinese, born 1988","中國籍，生於1988年","Male","男性",1988,"","{""en"":""Chinese"",""zh-hant"":""中國籍""}"
1688,,"Zhang Fanfu","張凡夫","Zhang, Fanfu","張, 凡夫","Individual","Chinese, 1919–1980","中國籍，1919–1980年","Male","男性",1919,"","{""en"":""Chinese"",""zh-hant"":""中國籍""}"
1691,,"Shanghai Vacuum Flask Factory No. 2","上海保溫瓶二廠","Shanghai Vacuum Flask Factory No. 2","上海保溫瓶二廠","Organization","established Shanghai, 1966–1988","成立於上海，1966至1988年","Not Applicable","",1966,"","{""en"":""Chinese"",""zh-hant"":""中國籍""}"
1696,,"Toshiba Corporation","東芝集團","Toshiba Corporation","東芝集團","Organization","established Tokyo, 1875","1875年成立於東京","Not Applicable","",1875,"","{""en"":""Japanese"",""zh-hant"":""日本籍""}"
1697,,"Panasonic Corporation","松下電器產業株式會社","Panasonic Corporation","松下電器產業株式會社","Organization","established Osaka, 1918","1918年成立於大阪","Not Applicable","",1918,"","{""en"":""Japanese"",""zh-hant"":""日本籍""}"
1698,,"ISSEY MIYAKE INC.","","ISSEY MIYAKE INC.","","Organization","established Tokyo, 1970","1970年於東京成立","Not Applicable","",1970,"","{""en"":""Japanese"",""zh-hant"":""日本籍""}"
1699,,"Issey Miyake","三宅一生","Miyake, Issey","三宅一生","Individual","Japanese, born 1938","日本籍，生於1938年","Male","男性",1938,"","{""en"":""Japanese"",""zh-hant"":""日本籍""}"
1700,,"Dai Fujiwara","藤原大","Fujiwara, Dai","藤原大","Individual","Japanese, born 1967","日本籍，生於1967年","Male","男性",1967,"","{""en"":""Japanese"",""zh-hant"":""日本籍""}"
1706,,"Shenzhen AIEK Science & Technology Co., Ltd","深圳艾爾酷科技有限公司","Shenzhen AIEK Science & Technology Co., Ltd","深圳艾爾酷科技有限公司","Organization","established Shenzhen, 2008","2008年成立於深圳","Not Applicable","",2008,"","{""en"":""Chinese"",""zh-hant"":""中國籍""}"
1708,,"Shenzhen AEKU Electronics Co., Ltd.","深圳艾爾酷電子有限公司","Shenzhen AEKU Electronics Co., Ltd.","深圳艾爾酷電子有限公司","Organization","established Shenzhen, 2008","2008年成立於深圳","Not Applicable","",2008,"","{""en"":""Chinese"",""zh-hant"":""中國籍""}"
1709,,"Anica (Shenzhen) Technology Co., Ltd.","艾尼卡（深圳）科技有限公司","Anica (Shenzhen) Technology Co., Ltd.","艾尼卡（深圳）科技有限公司","Organization","established Shenzhen, circa 2016","約2016年成立於深圳","Not Applicable","",2014,"","{""en"":""Chinese"",""zh-hant"":""中國籍""}"
1710,,"Patrick Chung","鍾培正","Chung, Patrick","鍾培正","Individual","Hong Kong, 1940–1983","香港，1940–1983年","Male","男性",1940,"","{""en"":""Hong Kong"",""zh-hant"":""香港""}"
1711,,"Sulki & Min","","Sulki & Min","","Artist Collaborative","established Seoul, 2005","2005年成立於首爾","Not Applicable","",2005,"","{""en"":""South Korean"",""zh-hant"":""南韓籍""}"
1712,,"Henry Steiner","石漢瑞","Steiner, Henry","石漢瑞","Individual","Hong Kong, born Austria, 1934","香港，1934年生於奧地利","Male","男性",1934,"","{""en"":""Hong Kong"",""zh-hant"":""香港""}"
1713,,"Hong Kong Trade Development Council","香港貿易發展局","Hong Kong Trade Development Council","香港貿易發展局","Organization","established Hong Kong, 1966","1966年成立於香港","Not Applicable","",1966,"","{""en"":""Hong Kong"",""zh-hant"":""香港""}"
1716,,"Chang Chao-Tang","張照堂","Chang, Chao-Tang","張, 照堂","Individual","Taiwanese, born 1943","台灣籍，生於1943年","Male","男性",1943,"","{""en"":""Taiwanese"",""zh-hant"":""台灣籍""}"
1725,,"Chiang Chen","蔣震","Chen, Chiang","蔣震","Individual","Hong Kong, born 1923","香港，生於1923年","Male","男性",1923,"","{""en"":""Hong Kong"",""zh-hant"":""香港""}"
1726,,"Wen Pulin","溫普林","Wen, Pulin","溫,普林","Individual","Chinese, born 1957","中國籍，生於1957年","Male","男性",1957,"","{""en"":""Chinese"",""zh-hant"":""中國籍""}"
1733,,"Xi'an Renmin Enamelware Factory","西安人民搪瓷廠","Xi'an Renmin Enamelware Factory","西安人民搪瓷廠","Organization","established Xi'an, 1951","1951年於西安成立","Not Applicable","",1951,"","{""en"":""Chinese"",""zh-hant"":""中國籍""}"
1744,,"Elaine Yan Ling Ng","吳燕玲","Ng, Elaine Yan Ling","吳燕玲","Individual","British, born 1985","英國籍，生於1985年","Female","女性",1985,"","{""en"":""British"",""zh-hant"":""英國籍""}"
1745,,"Nanjing Radio Broadcasting Factory","南京無線電廠","Nanjing Radio Broadcasting Factory","南京無線電廠","Organization","established Nanjing, 1946","1946年成立於南京","Not Applicable","",1946,"","{""en"":""Chinese"",""zh-hant"":""中國籍""}"
1749,,"Chongqing Enamelware Main Factory","重慶搪瓷總廠","Chongqing Enamelware Main Factory","重慶搪瓷總廠","Organization","established Chongqing, 1953–2002","成立於重慶，1953至2002年","Not Applicable","",1953,"","{""en"":""Chinese"",""zh-hant"":""中國籍""}"
1750,,"Julie & Jesse","","Julie & Jesse","","Artist Collaborative","established Hong Kong, 2008","2008年成立於香港","Not Applicable","",2008,"","{""en"":""Hong Kong"",""zh-hant"":""香港""}"
1751,,"Choh Daisaku","長大作","Choh, Daisaku","長大作","Individual","Japanese, born China, 1921","日本籍，1921年生於中國","Male","男性",1921,"","{""en"":""Japanese"",""zh-hant"":""日本籍""}"
1755,,"Holly Lee","黃楚喬","Lee, Holly","黃楚喬","Individual","Hong Kong, born 1953","香港，生於1953年","Female","女性",1953,"","{""en"":""Hong Kong"",""zh-hant"":""香港""}"
2760,,"Chow Chun-fai","周俊輝","Chow, Chun-fai","周俊輝","Individual","Hong Kong, born 1980","香港，生於1980年","Male","男性",1980,"","{""en"":""Hong Kong"",""zh-hant"":""香港""}"
2761,,"Tsang Kin-Wah","曾建華","Tsang, Kin-Wah","曾, 建華","Individual","Hong Kong, born 1976","香港，生於1976年","Male","男性",1976,"","{""en"":""Hong Kong"",""zh-hant"":""香港""}"
2789,,"Zhang Hai'er","張海兒","zhang, Hai'er","張, 海兒","Individual","Chinese, born 1957","中國籍，生於1957年","Male","男性",1957,"","{""en"":""Chinese"",""zh-hant"":""中國籍""}"
2821,,"Eikoh Hosoe","細江英公","Hosoe, Eikoh","細江, 英公","Individual","Japanese, born 1933","日本籍，生於1933年","Male","男性",1933,"","{""en"":""Japanese"",""zh-hant"":""日本籍""}"
2896,,"Ryuji Miyamoto","宮本隆司","Miyamoto, Ryuji","宮本, 隆司","Individual","Japanese, born 1947","日本籍，生於1947年","Male","男性",1947,"","{""en"":""Japanese"",""zh-hant"":""日本籍""}"
2906,,"Lang Jingshan","郎靜山","Lang, Jingshan","郎, 靜山","Individual","Taiwanese, born China. 1892–1995","台灣籍，生於中國，1892–1995","Male","男性",1892,"","{""en"":""Taiwanese"",""zh-hant"":""台灣籍""}"
2949,,"Iwata Yoshiharu","岩田義治","Iwata, Yoshiharu","岩田義治","Individual","Japanese","日本籍","Male","男性","","","{""en"":""Japanese"",""zh-hant"":""日本籍""}"
3006,,"Bas Princen","","Princen, Bas","","Individual","Dutch, born 1975","荷蘭籍，生於1975年","Male","男性",1975,"","{""en"":""Dutch"",""zh-hant"":""荷蘭籍""}"
3029,,"Otsuki Tadashi","","Otsuki, Tadashi","","Individual","Japanese, born 1948","日本籍，生於1948年","Unknown","不詳",1948,"","{""en"":""Japanese"",""zh-hant"":""日本籍""}"
3030,,"Hashimoto Minoru","","Hashimoto, Minoru","","Individual","Japanese","日本籍","Male","男性","","","{""en"":""Japanese"",""zh-hant"":""日本籍""}"
3033,,"Comme des Garçons","","Comme des Garçons","","Organization","established Tokyo, 1973","1973年成立於東京","Not Applicable","",1973,"","{""en"":""Japanese"",""zh-hant"":""日本籍""}"
4048,,"Travellers Official Information Bureau of the Netherland Indies","","Travellers Official Information Bureau of the Netherland Indies","","Organization","established Netherlands, circa 1920","約1920年成立於荷蘭","Not Applicable","",1915,"","{""en"":""Dutch"",""zh-hant"":""荷蘭籍""}"
4051,,"Office Indochinois du Tourisme","","Office Indochinois du Tourisme","","Organization","","","Not Applicable","","","",""
4071,,"Pia","","Pia","","Individual","Vietnamese, active early–mid 20th century","越南籍，活躍於20世紀初中葉","Unknown","不詳",1900,"","{""en"":""Vietnamese"",""zh-hant"":""越南籍""}"
4074,,"Sumet Jumsai","書梅春塞","Jumsai, Sumet","春塞, 書梅","Individual","Thai, born 1939","泰國籍，生於1939年","Male","男性",1939,"","{""en"":""Thai"",""zh-hant"":""泰國籍""}"
4112,,"Peng Yu and Sun Yuan","彭宇及孫原","Peng Yu and Sun Yuan","彭宇及孫原","Artist Collaborative","Chinese (established Beijing, 1990s)","中國籍（1990年代成立於北京）","Not Applicable","",1998,"","{""en"":""Chinese"",""zh-hant"":""中國籍""}"